/*
 Navicat Premium Data Transfer

 Source Server         : local
 Source Server Type    : MySQL
 Source Server Version : 50724
 Source Host           : localhost:3306
 Source Schema         : pika_upms

 Target Server Type    : MySQL
 Target Server Version : 50724
 File Encoding         : 65001

 Date: 18/04/2021 14:44:30
*/

SET NAMES utf8mb4;
SET FOREIGN_KEY_CHECKS = 0;

-- ----------------------------
-- Table structure for leaf_alloc
-- ----------------------------
DROP TABLE IF EXISTS `leaf_alloc`;
CREATE TABLE `leaf_alloc` (
  `biz_tag` varchar(128) NOT NULL DEFAULT '',
  `max_id` bigint(20) NOT NULL DEFAULT '1',
  `step` int(11) NOT NULL,
  `description` varchar(256) DEFAULT NULL,
  `update_time` timestamp NOT NULL DEFAULT CURRENT_TIMESTAMP ON UPDATE CURRENT_TIMESTAMP,
  PRIMARY KEY (`biz_tag`)
) ENGINE=InnoDB DEFAULT CHARSET=utf8mb4;

-- ----------------------------
-- Records of leaf_alloc
-- ----------------------------
BEGIN;
INSERT INTO `leaf_alloc` VALUES ('com.wenlincheng.pika.item.entity.po.Item', 13000, 1000, '商品', '2021-02-07 23:57:25');
COMMIT;

-- ----------------------------
-- Table structure for menu
-- ----------------------------
DROP TABLE IF EXISTS `menu`;
CREATE TABLE `menu` (
  `id` bigint(20) NOT NULL COMMENT 'ID',
  `parent_id` bigint(20) NOT NULL DEFAULT '0' COMMENT '父菜单id',
  `type` tinyint(1) DEFAULT NULL COMMENT '类型',
  `uri` varchar(200) COLLATE utf8mb4_bin DEFAULT NULL COMMENT 'URI',
  `method` varchar(32) COLLATE utf8mb4_bin DEFAULT NULL COMMENT '请求方法 GET POST PUT DELETE',
  `code` varchar(255) COLLATE utf8mb4_bin DEFAULT NULL COMMENT '授权标识',
  `icon` varchar(200) COLLATE utf8mb4_bin DEFAULT NULL COMMENT '图标',
  `name` varchar(200) COLLATE utf8mb4_bin DEFAULT NULL COMMENT '名称',
  `description` varchar(500) COLLATE utf8mb4_bin DEFAULT NULL COMMENT '描述',
  `sequence` smallint(6) DEFAULT NULL COMMENT '排序',
  `create_time` datetime NOT NULL DEFAULT CURRENT_TIMESTAMP COMMENT '创建时间',
  `update_time` datetime NOT NULL DEFAULT CURRENT_TIMESTAMP ON UPDATE CURRENT_TIMESTAMP COMMENT '更新时间',
  `create_user_id` bigint(20) DEFAULT NULL COMMENT '创建人',
  `update_user_id` bigint(20) DEFAULT NULL COMMENT '更新人',
  `is_deleted` tinyint(1) DEFAULT '0' COMMENT '逻辑删除',
  PRIMARY KEY (`id`)
) ENGINE=InnoDB DEFAULT CHARSET=utf8mb4 COLLATE=utf8mb4_bin COMMENT='菜单';

-- ----------------------------
-- Records of menu
-- ----------------------------
BEGIN;
INSERT INTO `menu` VALUES (1355784777029910548, 0, 0, '/system', NULL, NULL, 'component', '系统管理', '系统设置管理', 0, '2020-04-27 09:28:09', '2020-04-27 09:28:09', NULL, NULL, 0);
INSERT INTO `menu` VALUES (1355784777029910549, 1355784777029910548, 1, '/system/user', NULL, NULL, 'peoples', '用户管理', '用户新增，修改，查看，删除', 0, '2020-04-27 09:28:09', '2020-04-27 09:28:09', NULL, NULL, 0);
INSERT INTO `menu` VALUES (1355784777029910550, 1355784777029910548, 1, '/system/menu', NULL, NULL, 'table', '菜单管理', '菜单新增，修改，删除', 2, '2020-04-27 09:28:09', '2020-04-27 09:28:09', NULL, NULL, 0);
INSERT INTO `menu` VALUES (1355784777029910551, 1355784777029910550, 2, '/menu', 'POST', 'sys:menu:create', NULL, '新增', '新增', 3, '2020-12-06 14:05:47', '2020-12-06 14:05:47', NULL, NULL, 0);
INSERT INTO `menu` VALUES (1355784777029910552, 0, 0, '/trade-center', NULL, '', 'trade', '交易中心', NULL, 5, '2020-12-06 18:03:15', '2020-12-06 18:03:15', NULL, NULL, 0);
INSERT INTO `menu` VALUES (1355784777029910553, 1355784777029910552, 0, '/trade-center/order', NULL, '', 'order', '订单管理', NULL, 0, '2020-12-06 18:03:56', '2020-12-06 18:03:56', NULL, NULL, 0);
INSERT INTO `menu` VALUES (1355784777029910554, 1355784777029910550, 2, '/menu/{id}', 'DELETE', 'sys:menu:delete', NULL, '删除', NULL, 5, '2020-12-06 18:57:15', '2020-12-06 18:57:15', NULL, NULL, 0);
INSERT INTO `menu` VALUES (1355784777029910555, 1355784777029910549, 2, '/user', 'POST', 'sys:user:create', NULL, '新增', NULL, 1, '2020-12-06 18:58:03', '2020-12-06 18:58:03', NULL, NULL, 0);
INSERT INTO `menu` VALUES (1355784777029910556, 1355784777029910548, 1, '/system/role', NULL, '', 'role', '角色管理', NULL, 1, '2020-12-06 18:59:13', '2020-12-06 18:59:13', NULL, NULL, 0);
INSERT INTO `menu` VALUES (1355784777029910557, 1355784777029910549, 2, '/user/{id}', 'DELETE', 'sys:user:delete', NULL, '删除', NULL, 3, '2020-12-06 19:11:51', '2020-12-06 19:11:51', NULL, NULL, 0);
INSERT INTO `menu` VALUES (1355784777029910558, 1355784777029910549, 2, '/user', 'PUT', 'sys:user:update', '', '修改', NULL, 2, '2020-12-06 19:12:34', '2020-12-06 19:12:34', NULL, NULL, 0);
INSERT INTO `menu` VALUES (1355784777029910559, 1355784777029910549, 2, '/user/page', 'GET', 'sys:user:page', '', '分页', NULL, 0, '2020-12-06 19:16:11', '2020-12-06 19:16:11', NULL, NULL, 0);
INSERT INTO `menu` VALUES (1355784777029910560, 1355784777029910556, 2, '/role/page', 'GET', 'sys:role:page', '', '分页', NULL, 0, '2020-12-06 19:18:08', '2020-12-06 19:18:08', NULL, NULL, 0);
INSERT INTO `menu` VALUES (1355784777029910561, 1355784777029910556, 2, '/role', 'POST', 'sys:role:create', '', '新增', NULL, 2, '2020-12-06 19:18:45', '2020-12-06 19:18:45', NULL, NULL, 0);
INSERT INTO `menu` VALUES (1355784777029910562, 1355784777029910556, 2, '/role', 'PUT', 'sys:role:update', '', '修改', NULL, 3, '2020-12-06 20:29:23', '2020-12-06 20:29:23', NULL, NULL, 0);
INSERT INTO `menu` VALUES (1355784777029910563, 1355784777029910556, 2, '/role/{id}', 'DELETE', 'sys:role:delete', '', '删除', NULL, 4, '2020-12-06 20:29:55', '2020-12-06 20:29:55', NULL, NULL, 0);
INSERT INTO `menu` VALUES (1355784777029910564, 1355784777029910550, 2, '/menu/list/{pid}', 'GET', 'sys:menu:list:pid', '', '获取子菜单', NULL, 0, '2020-12-06 20:33:28', '2021-03-09 15:21:08', NULL, 1355784776958607391, 0);
INSERT INTO `menu` VALUES (1355784777029910565, 1355784777029910550, 2, '/menu', 'PUT', 'sys:menu:update', '', '修改', NULL, 4, '2020-12-06 20:34:00', '2020-12-06 20:34:00', NULL, NULL, 0);
INSERT INTO `menu` VALUES (1355784777029910566, 1355784777034104930, 2, '/order/page', 'GET', 'order:page', 'shopping', '查看', NULL, 0, '2020-12-06 20:42:28', '2020-12-06 20:42:28', NULL, NULL, 0);
INSERT INTO `menu` VALUES (1355784777029910567, 1355784777034104930, 2, '/order/delete', 'DELETE', 'order:delete', 'shopping', '删除', NULL, 1, '2020-12-06 20:43:03', '2020-12-06 20:43:03', NULL, NULL, 0);
INSERT INTO `menu` VALUES (1355784777029910568, 0, 0, '/product-center', NULL, '', 'item', '商品中心', NULL, 4, '2020-12-06 20:47:53', '2020-12-06 20:47:53', NULL, NULL, 0);
INSERT INTO `menu` VALUES (1355784777029910569, 1355784777029910568, 1, '/product-center/item', NULL, '', 'list', '商品列表', NULL, 0, '2020-12-06 20:49:17', '2020-12-06 20:49:17', NULL, NULL, 0);
INSERT INTO `menu` VALUES (1355784777029910570, 1355784777029910569, 2, '/item/page', 'GET', 'item:page', '', '分页', NULL, 0, '2020-12-06 20:57:09', '2020-12-06 20:57:09', NULL, NULL, 0);
INSERT INTO `menu` VALUES (1355784777029910571, 1355784777029910569, 2, '/item/step1', 'POST', 'item:create:step1', '', '新增 step1', NULL, 1, '2020-12-06 20:57:30', '2020-12-06 20:57:30', NULL, NULL, 0);
INSERT INTO `menu` VALUES (1355784777029910572, 1355784777029910569, 2, '/item/step1', 'PUT', 'item:update:step1', '', '修改 step1', NULL, 2, '2020-12-06 20:57:55', '2020-12-06 20:57:55', NULL, NULL, 0);
INSERT INTO `menu` VALUES (1355784777029910573, 1355784777029910569, 2, '/item/{id}', 'DELETE', 'item:delete:id', '', '删除', NULL, 3, '2020-12-06 20:58:16', '2020-12-06 20:58:16', NULL, NULL, 0);
INSERT INTO `menu` VALUES (1355784777029910574, 1355784777029910548, 1, '/system/group', NULL, '', 'organization', '组织架构', NULL, 3, '2020-12-06 21:00:08', '2020-12-06 21:00:08', NULL, NULL, 0);
INSERT INTO `menu` VALUES (1355784777029910585, 1355784777029910574, 2, '/group/page', 'GET', 'sys:group:page', '', '查看', NULL, 0, '2020-12-06 21:10:20', '2020-12-06 21:10:20', NULL, NULL, 0);
INSERT INTO `menu` VALUES (1355784777029910586, 0, 0, '/promotion-center', NULL, '', 'promotion', '营销中心', NULL, 3, '2020-12-06 21:20:42', '2020-12-06 21:20:42', NULL, NULL, 0);
INSERT INTO `menu` VALUES (1355784777029910587, 1355784777029910586, 1, '/promotion-center/coupon', NULL, '', 'coupon', '优惠券', NULL, 0, '2020-12-06 21:22:26', '2020-12-06 21:22:26', NULL, NULL, 0);
INSERT INTO `menu` VALUES (1355784777029910588, 1355784777029910586, 1, '/promotion-center/card', NULL, '', 'card', '权益卡', NULL, 1, '2020-12-06 21:22:48', '2020-12-06 21:22:48', NULL, NULL, 0);
INSERT INTO `menu` VALUES (1355784777029910589, 1355784777029910586, 1, '/promotion-center/discount', NULL, '', 'discount', '限时折扣', NULL, 2, '2020-12-06 21:24:56', '2020-12-06 21:24:56', NULL, NULL, 0);
INSERT INTO `menu` VALUES (1355784777029910590, 1355784777029910586, 1, '/promotion-center/group', NULL, '', 'group-buy', '拼团', NULL, 3, '2020-12-06 21:25:54', '2020-12-06 21:25:54', NULL, NULL, 0);
INSERT INTO `menu` VALUES (1355784777029910592, 1355784777029910552, 1, '/trade-center/refund', NULL, '', 'refund', '售后管理', NULL, 1, '2020-12-06 21:29:08', '2020-12-06 21:29:08', NULL, NULL, 0);
INSERT INTO `menu` VALUES (1355784777034104923, 1355784777029910552, 1, '/trade-center/evaluation', NULL, '', 'evaluation', '评论管理', NULL, 2, '2020-12-06 21:33:02', '2020-12-06 21:33:02', NULL, NULL, 0);
INSERT INTO `menu` VALUES (1355784777034104924, 1355784777029910550, 2, '/menu/list', 'GET', 'sys:menu:list', NULL, '列表', NULL, 1, '2020-12-15 00:48:04', '2021-03-09 15:21:30', NULL, 1355784776958607391, 0);
INSERT INTO `menu` VALUES (1355784777034104925, 1355784777029910550, 2, '/menu/{id}', 'GET', 'sys:menu:id', NULL, '查看', NULL, 2, '2020-12-15 21:43:27', '2020-12-15 21:43:27', NULL, NULL, 0);
INSERT INTO `menu` VALUES (1355784777034104927, 1355784777029910556, 2, '/role/list', 'GET', 'sys:role:list', '', '列表', NULL, 1, '2020-12-15 23:32:28', '2020-12-15 23:32:28', NULL, NULL, 0);
INSERT INTO `menu` VALUES (1355784777034104928, 1355784777029910549, 2, '/user/{id}', 'GET', 'sys:user:id', '/user/page', '查看', NULL, 4, '2020-12-16 22:24:03', '2020-12-16 22:24:03', NULL, NULL, 0);
INSERT INTO `menu` VALUES (1355784777034104929, 1355784777029910556, 2, '/role/{id}', 'GET', 'sys:role:id', '', '查看', NULL, 5, '2020-12-19 14:19:40', '2020-12-19 14:19:40', NULL, NULL, 0);
INSERT INTO `menu` VALUES (1355784777034104930, 1355784777029910553, 1, '/trade-center/order/list', NULL, NULL, 'list', '全部订单', NULL, 0, '2020-12-20 22:34:51', '2020-12-20 22:34:51', NULL, NULL, 0);
INSERT INTO `menu` VALUES (1355784777034104933, 1355784777029910548, 0, '/system/monitor', '', '', 'monitor', '运维监控', NULL, 6, '2021-01-02 11:08:20', '2021-01-02 11:08:20', NULL, NULL, 0);
INSERT INTO `menu` VALUES (1355784777034104935, 1355784777034104933, 1, '/system/monitor/swagger', '', '', 'eye-open', '接口文档', NULL, 1, '2021-01-02 11:42:09', '2021-01-02 11:42:09', NULL, NULL, 0);
INSERT INTO `menu` VALUES (1355784777034104936, 1355784777034104935, 2, '/v2/api-docs', 'GET', 'sys:monitor:swagger', '', '/v2/api-docs', NULL, 0, '2021-01-02 11:47:16', '2021-01-02 11:47:16', NULL, NULL, 0);
INSERT INTO `menu` VALUES (1355784777034104937, 1355784777034104933, 0, '/system/monitor/druid', '', '', 'database', 'Druid', NULL, 0, '2021-01-02 13:22:15', '2021-01-02 13:22:15', NULL, NULL, 0);
INSERT INTO `menu` VALUES (1355784777034104939, 1355784777034104933, 1, 'http://localhost:8848/nacos', '', '', 'nacos', 'Nacos', NULL, 0, '2021-01-02 13:43:10', '2021-01-02 13:43:10', NULL, NULL, 0);
INSERT INTO `menu` VALUES (1355784777034104940, 0, 0, '/platform/merchant', '', '', 'merchant', '商家管理', NULL, 6, '2021-01-02 22:44:49', '2021-01-02 22:44:49', NULL, NULL, 0);
INSERT INTO `menu` VALUES (1355784777034104941, 1355784777034104940, 1, '/platform/merchant/seller', '', '', 'list', '商家列表', NULL, 0, '2021-01-02 22:46:37', '2021-01-02 22:46:37', NULL, NULL, 0);
INSERT INTO `menu` VALUES (1355784777034104942, 1355784777029910568, 0, '/product-center/category', NULL, '', 'category', '类目管理', NULL, 1, '2021-01-02 22:49:34', '2021-01-02 22:49:34', NULL, NULL, 0);
INSERT INTO `menu` VALUES (1355784777034104943, 1355784777034104942, 1, '/product-center/category/front', NULL, '', '', '前台类目', NULL, 2, '2021-01-02 22:50:18', '2021-01-02 22:50:18', NULL, NULL, 0);
INSERT INTO `menu` VALUES (1355784777034104944, 1355784777034104942, 1, '/product-center/category/back', NULL, '', '', '后台类目', NULL, 1, '2021-01-02 22:50:46', '2021-01-02 22:50:46', NULL, NULL, 0);
INSERT INTO `menu` VALUES (1355784777034104945, 1355784777029910568, 1, '/product-center/product', NULL, '', 'product', '产品列表', NULL, 2, '2021-01-02 22:51:39', '2021-01-02 22:51:39', NULL, NULL, 0);
INSERT INTO `menu` VALUES (1355784777034104946, 1355784777029910568, 1, '/product-center/evaluation', NULL, '', 'evaluation', '评价列表', NULL, 3, '2021-01-02 22:53:03', '2021-01-02 22:53:03', NULL, NULL, 0);
INSERT INTO `menu` VALUES (1355784777034104947, 1355784777029910568, 1, '/product-center/brand', NULL, '', 'brand', '品牌列表', NULL, 4, '2021-01-02 22:53:33', '2021-01-02 22:53:33', NULL, NULL, 0);
INSERT INTO `menu` VALUES (1355784777034104948, 1355784777029910553, 1, '/trade-center/order/abnormal', '', '', '', '超时订单', NULL, 1, '2021-01-02 23:01:14', '2021-04-17 19:56:09', NULL, 1355784776958607391, 0);
INSERT INTO `menu` VALUES (1355784777034104949, 1355784777029910592, 1, '/trade-center/refund/dispute', '', '', '', '纠纷售后单', NULL, 1, '2021-01-02 23:03:22', '2021-01-02 23:03:22', NULL, NULL, 0);
INSERT INTO `menu` VALUES (1355784777034104950, 1355784777029910592, 1, '/trade-center/refund/list', '', '', 'list', '全部售后单', NULL, 0, '2021-01-02 23:04:23', '2021-01-02 23:04:23', NULL, NULL, 0);
INSERT INTO `menu` VALUES (1355784777034104951, 0, 0, '/platform/settlement', '', '', 'settlement', '结算中心', NULL, 2, '2021-01-02 23:05:40', '2021-01-02 23:05:40', NULL, NULL, 0);
INSERT INTO `menu` VALUES (1355784777034104952, 1355784777034104951, 1, '/platform/settlement/bill', '', '', 'bill', '对账管理', NULL, 0, '2021-01-02 23:09:21', '2021-01-02 23:09:21', NULL, NULL, 0);
INSERT INTO `menu` VALUES (1355784777034104953, 1355784777034104951, 0, '/platform/settlement/fund', '', '', 'fund', '资金管理', NULL, 1, '2021-01-02 23:09:45', '2021-01-02 23:09:45', NULL, NULL, 0);
INSERT INTO `menu` VALUES (1355784777034104954, 1355784777034104953, 1, '/platform/settlement/fund/account', '', '', 'account', '资金账户', NULL, 0, '2021-01-02 23:16:14', '2021-01-02 23:16:14', NULL, NULL, 0);
INSERT INTO `menu` VALUES (1355784777034104955, 1355784777034104953, 1, '/platform/settlement/fund/withdrawal', '', '', 'withdrawal', '提现审核', NULL, 1, '2021-01-02 23:19:09', '2021-01-02 23:19:09', NULL, NULL, 0);
INSERT INTO `menu` VALUES (1355784777034104956, 1355784777034104953, 1, '/platform/settlement/fund/deposit', '', '', 'deposit', '保证金审核', NULL, 2, '2021-01-02 23:20:06', '2021-01-02 23:20:06', NULL, NULL, 0);
INSERT INTO `menu` VALUES (1355784777034104957, 1355784777034104953, 1, '/platform/settlement/fund/invoice', '', '', 'invoice', '开票申请', NULL, 3, '2021-01-02 23:21:56', '2021-01-02 23:21:56', NULL, NULL, 0);
INSERT INTO `menu` VALUES (1355784777034104958, 0, 0, '/platform/customer', '', '', 'customer', '客户管理', NULL, 7, '2021-01-02 23:42:46', '2021-01-02 23:42:46', NULL, NULL, 0);
INSERT INTO `menu` VALUES (1355784777034104959, 1355784777034104958, 1, '/platform/customer/list', '', '', 'list', '客户列表', NULL, 0, '2021-01-02 23:47:07', '2021-01-02 23:47:07', NULL, NULL, 0);
INSERT INTO `menu` VALUES (1355784777034104960, 1355784777029910569, 2, '/item/step1/{id}', 'GET', 'item:step1:id', '', '查看 step1', NULL, 4, '2021-01-11 22:24:27', '2021-01-11 22:24:27', NULL, NULL, 0);
INSERT INTO `menu` VALUES (1355784777034104961, 1355784777034104937, 1, '/system/monitor/druid/pika-upms', '', '', '', 'pika-upms', NULL, 0, '2021-01-16 19:19:06', '2021-01-16 19:19:06', NULL, NULL, 0);
INSERT INTO `menu` VALUES (1355784777034104962, 1355784777029910548, 1, '/system/log', '', '', 'edit', '操作日志', NULL, 4, '2021-01-17 19:10:47', '2021-01-17 19:10:47', NULL, NULL, 0);
INSERT INTO `menu` VALUES (1355784777084436506, 1355784777034104962, 2, '/log/page', 'GET', 'sys:log:page', '', '分页', NULL, 0, '2021-01-17 19:11:36', '2021-01-17 19:11:36', NULL, NULL, 0);
INSERT INTO `menu` VALUES (1355784777084436507, 1355784777034104962, 2, '/log/{id}', 'GET', 'sys:log:id', '', '查看', NULL, 1, '2021-01-17 22:19:32', '2021-01-17 22:19:32', NULL, NULL, 0);
INSERT INTO `menu` VALUES (1355784777084436508, 1355784777029910574, 2, '/group/parent/{id}', 'GET', 'sys:group:parent:id', '', '根据父级id查询', NULL, 1, '2021-01-23 16:21:09', '2021-01-23 16:21:09', NULL, NULL, 0);
INSERT INTO `menu` VALUES (1355784777084436510, 1355784777029910574, 2, '/group/{id}', 'GET', 'sys:group:id', '', '查看', NULL, 1, '2021-01-23 16:23:32', '2021-01-23 16:23:32', NULL, NULL, 0);
INSERT INTO `menu` VALUES (1355784777084436515, 1355784777034104933, 1, 'http://localhost:9000/#/', '', '', 'rocketmq', 'RocketMQ', NULL, 0, '2021-01-23 21:41:56', '2021-01-23 21:41:56', NULL, NULL, 0);
INSERT INTO `menu` VALUES (1355784777088630837, 1355784777034104933, 1, 'http://localhost:8858/#/login', '', '', 'guide', 'Sentinel', NULL, 0, '2021-01-23 21:52:46', '2021-01-23 21:52:46', NULL, NULL, 0);
INSERT INTO `menu` VALUES (1355784777088630838, 1355784777029910549, 2, '/user/password', 'PUT', 'sys:user:password', '', '修改密码', NULL, 5, '2021-02-21 21:22:32', '2021-02-21 21:22:32', NULL, NULL, 0);
COMMIT;

-- ----------------------------
-- Table structure for organization
-- ----------------------------
DROP TABLE IF EXISTS `organization`;
CREATE TABLE `organization` (
  `id` bigint(20) NOT NULL COMMENT 'ID',
  `parent_id` bigint(20) NOT NULL DEFAULT '0' COMMENT '组织父id',
  `name` varchar(200) COLLATE utf8mb4_bin DEFAULT NULL COMMENT '组织名称',
  `description` varchar(500) COLLATE utf8mb4_bin DEFAULT NULL COMMENT '描述',
  `create_time` datetime NOT NULL DEFAULT CURRENT_TIMESTAMP COMMENT '创建时间',
  `update_time` datetime NOT NULL DEFAULT CURRENT_TIMESTAMP ON UPDATE CURRENT_TIMESTAMP COMMENT '更新时间',
  `create_user_id` bigint(20) DEFAULT NULL COMMENT '创建人',
  `update_user_id` bigint(20) DEFAULT NULL COMMENT '更新人',
  `is_deleted` bigint(20) DEFAULT '0' COMMENT '逻辑删除',
  PRIMARY KEY (`id`)
) ENGINE=InnoDB DEFAULT CHARSET=utf8mb4 COLLATE=utf8mb4_bin COMMENT='组织';

-- ----------------------------
-- Records of organization
-- ----------------------------
BEGIN;
INSERT INTO `organization` VALUES (1355784777034204058, 1355784777034204958, '三叉树网络科技有限公司', '上海分公司', '2020-04-27 09:28:09', '2020-04-27 09:28:09', NULL, NULL, 0);
INSERT INTO `organization` VALUES (1355784777034204059, 1355784777034204058, '研发部门', '负责产品研发', '2020-04-27 09:28:09', '2020-04-27 09:28:09', NULL, NULL, 0);
INSERT INTO `organization` VALUES (1355784777034204060, 1355784777034204058, '产品部门', '负责产品设计', '2020-04-27 09:28:09', '2020-04-27 09:28:09', NULL, NULL, 0);
INSERT INTO `organization` VALUES (1355784777034204061, 1355784777034204058, '运营部门', '负责公司产品运营', '2020-04-27 09:28:09', '2020-04-27 09:28:09', NULL, NULL, 0);
INSERT INTO `organization` VALUES (1355784777034204062, 1355784777034204058, '销售部门', '负责公司产品销售', '2020-04-27 09:28:09', '2020-04-27 09:28:09', NULL, NULL, 0);
INSERT INTO `organization` VALUES (1355784777034204063, 1355784777034204958, '三叉树电子商务有限公司', '北京分公司', '2020-04-27 09:28:09', '2020-04-27 09:28:09', NULL, NULL, 0);
INSERT INTO `organization` VALUES (1355784777034204958, 0, '三叉树集团公司', '集团公司', '2020-04-27 09:28:09', '2020-04-27 09:28:09', NULL, NULL, 0);
COMMIT;

-- ----------------------------
-- Table structure for position
-- ----------------------------
DROP TABLE IF EXISTS `position`;
CREATE TABLE `position` (
  `id` bigint(20) NOT NULL COMMENT 'ID',
  `name` varchar(200) COLLATE utf8mb4_bin DEFAULT NULL COMMENT '名称',
  `description` varchar(500) COLLATE utf8mb4_bin DEFAULT NULL COMMENT '描述',
  `create_time` datetime NOT NULL DEFAULT CURRENT_TIMESTAMP COMMENT '创建时间',
  `update_time` datetime NOT NULL DEFAULT CURRENT_TIMESTAMP ON UPDATE CURRENT_TIMESTAMP COMMENT '更新时间',
  `create_user_id` bigint(20) DEFAULT NULL COMMENT '创建人',
  `update_user_id` bigint(20) DEFAULT NULL COMMENT '更新人',
  `is_deleted` bigint(20) DEFAULT '0' COMMENT '逻辑删除',
  PRIMARY KEY (`id`)
) ENGINE=InnoDB DEFAULT CHARSET=utf8mb4 COLLATE=utf8mb4_bin COMMENT='岗位';

-- ----------------------------
-- Records of position
-- ----------------------------
BEGIN;
INSERT INTO `position` VALUES (1363478835571591874, '首席执行官', '公司CEO，负责公司整体运转', '2020-04-27 09:28:09', '2020-04-27 09:28:09', NULL, NULL, 0);
INSERT INTO `position` VALUES (1363478835571591875, '首席运营官', '公司COO，负责公司整体运营', '2020-04-27 09:28:09', '2020-04-27 09:28:09', NULL, NULL, 0);
INSERT INTO `position` VALUES (1363478835571591876, '首席技术官', '公司CTO，负责公司整体运营', '2020-04-27 09:28:09', '2020-04-27 09:28:09', NULL, NULL, 0);
COMMIT;

-- ----------------------------
-- Table structure for region
-- ----------------------------
DROP TABLE IF EXISTS `region`;
CREATE TABLE `region` (
  `id` int(11) unsigned NOT NULL AUTO_INCREMENT,
  `parent_id` int(11) NOT NULL COMMENT '父级',
  `name` varchar(50) NOT NULL DEFAULT '' COMMENT '名称',
  `short_name` varchar(30) NOT NULL DEFAULT '' COMMENT '简称',
  `longitude` varchar(30) NOT NULL DEFAULT '' COMMENT '经度',
  `latitude` varchar(30) NOT NULL DEFAULT '' COMMENT '纬度',
  `level` smallint(6) NOT NULL DEFAULT '0' COMMENT '级别 1 省 2 市 3 区 4 乡镇/街道',
  `sort` mediumint(9) NOT NULL COMMENT '排序',
  `status` tinyint(1) NOT NULL DEFAULT '1' COMMENT '状态 0 无效 1 有效',
  PRIMARY KEY (`id`),
  KEY `idx_parent_id` (`parent_id`),
  KEY `idx_longitude_latitude` (`longitude`,`latitude`),
  KEY `idx_level_status` (`level`,`status`)
) ENGINE=MyISAM AUTO_INCREMENT=659004503 DEFAULT CHARSET=utf8mb4 COMMENT='地址区域表';

-- ----------------------------
-- Table structure for role
-- ----------------------------
DROP TABLE IF EXISTS `role`;
CREATE TABLE `role` (
  `id` bigint(20) NOT NULL COMMENT 'ID',
  `code` varchar(100) COLLATE utf8mb4_bin NOT NULL COMMENT '角色code',
  `name` varchar(200) COLLATE utf8mb4_bin DEFAULT NULL COMMENT '角色名称',
  `description` varchar(500) COLLATE utf8mb4_bin DEFAULT NULL COMMENT '简介',
  `status` tinyint(1) NOT NULL DEFAULT '1' COMMENT '状态 0 未激活 1 激活',
  `create_time` datetime NOT NULL DEFAULT CURRENT_TIMESTAMP COMMENT '创建时间',
  `update_time` datetime NOT NULL DEFAULT CURRENT_TIMESTAMP ON UPDATE CURRENT_TIMESTAMP COMMENT '更新时间',
  `create_user_id` bigint(20) DEFAULT NULL COMMENT '创建人',
  `update_user_id` bigint(20) DEFAULT NULL COMMENT '更新人',
  `is_deleted` tinyint(1) DEFAULT '0' COMMENT '逻辑删除',
  PRIMARY KEY (`id`)
) ENGINE=InnoDB DEFAULT CHARSET=utf8mb4 COLLATE=utf8mb4_bin COMMENT='角色';

-- ----------------------------
-- Records of role
-- ----------------------------
BEGIN;
INSERT INTO `role` VALUES (0, 'CTO', '技术总监', '技术总监', 1, '2021-03-17 18:29:39', '2021-04-18 14:27:55', 1355784776958607391, 1355784776958607391, 0);
INSERT INTO `role` VALUES (1355784776971190299, 'ADMIN', '超级管理员', '系统超级管理员', 1, '2020-04-27 09:28:09', '2021-04-18 14:27:38', NULL, 1355784776958607391, 0);
INSERT INTO `role` VALUES (1355784776971190300, 'M', '商家运营', '', 1, '2021-02-21 21:26:22', '2021-04-18 14:28:19', NULL, 1355784776958607391, 0);
COMMIT;

-- ----------------------------
-- Table structure for role_menu_rel
-- ----------------------------
DROP TABLE IF EXISTS `role_menu_rel`;
CREATE TABLE `role_menu_rel` (
  `id` bigint(20) NOT NULL COMMENT 'ID',
  `menu_id` bigint(20) NOT NULL COMMENT '菜单id',
  `role_id` bigint(20) NOT NULL COMMENT '角色id',
  `create_time` datetime NOT NULL DEFAULT CURRENT_TIMESTAMP COMMENT '创建时间',
  `update_time` datetime NOT NULL DEFAULT CURRENT_TIMESTAMP ON UPDATE CURRENT_TIMESTAMP COMMENT '更新时间',
  `create_user_id` bigint(20) DEFAULT NULL COMMENT '创建人',
  `update_user_id` bigint(20) DEFAULT NULL COMMENT '更新人',
  `is_deleted` tinyint(1) DEFAULT '0' COMMENT '逻辑删除',
  PRIMARY KEY (`id`)
) ENGINE=InnoDB DEFAULT CHARSET=utf8mb4 COLLATE=utf8mb4_bin COMMENT='角色和菜单关系';

-- ----------------------------
-- Records of role_menu_rel
-- ----------------------------
BEGIN;
INSERT INTO `role_menu_rel` VALUES (1363478835378552902, 1355784777029910559, 1355784776971190299, '2021-02-21 21:21:01', '2021-03-09 15:19:34', NULL, NULL, 1);
INSERT INTO `role_menu_rel` VALUES (1363478835391135801, 1355784777029910555, 1355784776971190299, '2021-02-21 21:21:01', '2021-03-09 15:19:34', NULL, NULL, 1);
INSERT INTO `role_menu_rel` VALUES (1363478835403718739, 1355784777029910558, 1355784776971190299, '2021-02-21 21:21:01', '2021-03-09 15:19:34', NULL, NULL, 1);
INSERT INTO `role_menu_rel` VALUES (1363478835412107322, 1355784777029910557, 1355784776971190299, '2021-02-21 21:21:01', '2021-03-09 15:19:34', NULL, NULL, 1);
INSERT INTO `role_menu_rel` VALUES (1363478835420495955, 1355784777034104928, 1355784776971190299, '2021-02-21 21:21:01', '2021-03-09 15:19:34', NULL, NULL, 1);
INSERT INTO `role_menu_rel` VALUES (1363478835458244617, 1355784777029910556, 1355784776971190299, '2021-02-21 21:21:01', '2021-03-09 15:19:34', NULL, NULL, 1);
INSERT INTO `role_menu_rel` VALUES (1363478835475021828, 1355784777029910560, 1355784776971190299, '2021-02-21 21:21:01', '2021-03-09 15:19:34', NULL, NULL, 1);
INSERT INTO `role_menu_rel` VALUES (1363478835487604833, 1355784777034104927, 1355784776971190299, '2021-02-21 21:21:01', '2021-03-09 15:19:34', NULL, NULL, 1);
INSERT INTO `role_menu_rel` VALUES (1363478835500187711, 1355784777029910561, 1355784776971190299, '2021-02-21 21:21:01', '2021-03-09 15:19:34', NULL, NULL, 1);
INSERT INTO `role_menu_rel` VALUES (1363478835512770562, 1355784777029910562, 1355784776971190299, '2021-02-21 21:21:01', '2021-03-09 15:19:34', NULL, NULL, 1);
INSERT INTO `role_menu_rel` VALUES (1363478835525353509, 1355784777029910563, 1355784776971190299, '2021-02-21 21:21:01', '2021-03-09 15:19:34', NULL, NULL, 1);
INSERT INTO `role_menu_rel` VALUES (1363478835533742105, 1355784777034104929, 1355784776971190299, '2021-02-21 21:21:01', '2021-03-09 15:19:34', NULL, NULL, 1);
INSERT INTO `role_menu_rel` VALUES (1363478835542130723, 1355784777029910550, 1355784776971190299, '2021-02-21 21:21:01', '2021-03-09 15:19:34', NULL, NULL, 1);
INSERT INTO `role_menu_rel` VALUES (1363478835554713632, 1355784777029910564, 1355784776971190299, '2021-02-21 21:21:01', '2021-03-09 15:19:34', NULL, NULL, 1);
INSERT INTO `role_menu_rel` VALUES (1363478835563102300, 1355784777034104924, 1355784776971190299, '2021-02-21 21:21:01', '2021-03-09 15:19:34', NULL, NULL, 1);
INSERT INTO `role_menu_rel` VALUES (1363478835571490874, 1355784777034104925, 1355784776971190299, '2021-02-21 21:21:01', '2021-03-09 15:19:34', NULL, NULL, 1);
INSERT INTO `role_menu_rel` VALUES (1363478835584073773, 1355784777029910551, 1355784776971190299, '2021-02-21 21:21:01', '2021-03-09 15:19:34', NULL, NULL, 1);
INSERT INTO `role_menu_rel` VALUES (1363478835592462339, 1355784777029910565, 1355784776971190299, '2021-02-21 21:21:01', '2021-03-09 15:19:34', NULL, NULL, 1);
INSERT INTO `role_menu_rel` VALUES (1363478835600851040, 1355784777029910554, 1355784776971190299, '2021-02-21 21:21:01', '2021-03-09 15:19:34', NULL, NULL, 1);
INSERT INTO `role_menu_rel` VALUES (1363478835609239646, 1355784777029910574, 1355784776971190299, '2021-02-21 21:21:01', '2021-03-09 15:19:34', NULL, NULL, 1);
INSERT INTO `role_menu_rel` VALUES (1363478835621822528, 1355784777029910585, 1355784776971190299, '2021-02-21 21:21:01', '2021-03-09 15:19:34', NULL, NULL, 1);
INSERT INTO `role_menu_rel` VALUES (1363478835630211077, 1355784777084436508, 1355784776971190299, '2021-02-21 21:21:01', '2021-03-09 15:19:34', NULL, NULL, 1);
INSERT INTO `role_menu_rel` VALUES (1363478835642794040, 1355784777084436510, 1355784776971190299, '2021-02-21 21:21:01', '2021-03-09 15:19:34', NULL, NULL, 1);
INSERT INTO `role_menu_rel` VALUES (1363478835651182634, 1355784777034104962, 1355784776971190299, '2021-02-21 21:21:01', '2021-03-09 15:19:34', NULL, NULL, 1);
INSERT INTO `role_menu_rel` VALUES (1363478835659571299, 1355784777084436506, 1355784776971190299, '2021-02-21 21:21:01', '2021-03-09 15:19:34', NULL, NULL, 1);
INSERT INTO `role_menu_rel` VALUES (1363478835667959894, 1355784777084436507, 1355784776971190299, '2021-02-21 21:21:01', '2021-03-09 15:19:34', NULL, NULL, 1);
INSERT INTO `role_menu_rel` VALUES (1363478835676348425, 1355784777029910575, 1355784776971190299, '2021-02-21 21:21:01', '2021-03-09 15:19:34', NULL, NULL, 1);
INSERT INTO `role_menu_rel` VALUES (1363478835688931415, 1355784777029910581, 1355784776971190299, '2021-02-21 21:21:01', '2021-03-09 15:19:34', NULL, NULL, 1);
INSERT INTO `role_menu_rel` VALUES (1363478835697319998, 1355784777034104931, 1355784776971190299, '2021-02-21 21:21:01', '2021-03-09 15:19:34', NULL, NULL, 1);
INSERT INTO `role_menu_rel` VALUES (1363478835705708598, 1355784777029910578, 1355784776971190299, '2021-02-21 21:21:01', '2021-03-09 15:19:34', NULL, NULL, 1);
INSERT INTO `role_menu_rel` VALUES (1363478835714097210, 1355784777029910583, 1355784776971190299, '2021-02-21 21:21:01', '2021-03-09 15:19:34', NULL, NULL, 1);
INSERT INTO `role_menu_rel` VALUES (1363478835722485763, 1355784777034104932, 1355784776971190299, '2021-02-21 21:21:01', '2021-03-09 15:19:34', NULL, NULL, 1);
INSERT INTO `role_menu_rel` VALUES (1363478835735068692, 1355784777029910584, 1355784776971190299, '2021-02-21 21:21:01', '2021-03-09 15:19:34', NULL, NULL, 1);
INSERT INTO `role_menu_rel` VALUES (1363478835743457378, 1355784777034104933, 1355784776971190299, '2021-02-21 21:21:01', '2021-03-09 15:19:34', NULL, NULL, 1);
INSERT INTO `role_menu_rel` VALUES (1363478835751845919, 1355784777084436515, 1355784776971190299, '2021-02-21 21:21:01', '2021-03-09 15:19:34', NULL, NULL, 1);
INSERT INTO `role_menu_rel` VALUES (1363478835760234509, 1355784777088630837, 1355784776971190299, '2021-02-21 21:21:01', '2021-03-09 15:19:34', NULL, NULL, 1);
INSERT INTO `role_menu_rel` VALUES (1363478835768623191, 1355784777034104937, 1355784776971190299, '2021-02-21 21:21:01', '2021-03-09 15:19:34', NULL, NULL, 1);
INSERT INTO `role_menu_rel` VALUES (1363478835777011771, 1355784777034104961, 1355784776971190299, '2021-02-21 21:21:01', '2021-03-09 15:19:34', NULL, NULL, 1);
INSERT INTO `role_menu_rel` VALUES (1363478835785400409, 1355784777034104939, 1355784776971190299, '2021-02-21 21:21:01', '2021-03-09 15:19:34', NULL, NULL, 1);
INSERT INTO `role_menu_rel` VALUES (1363478835793788982, 1355784777034104935, 1355784776971190299, '2021-02-21 21:21:01', '2021-03-09 15:19:34', NULL, NULL, 1);
INSERT INTO `role_menu_rel` VALUES (1363478835802177598, 1355784777034104936, 1355784776971190299, '2021-02-21 21:21:01', '2021-03-09 15:19:34', NULL, NULL, 1);
INSERT INTO `role_menu_rel` VALUES (1363478835810566228, 1355784777034104951, 1355784776971190299, '2021-02-21 21:21:01', '2021-03-09 15:19:34', NULL, NULL, 1);
INSERT INTO `role_menu_rel` VALUES (1363478835818954777, 1355784777034104952, 1355784776971190299, '2021-02-21 21:21:01', '2021-03-09 15:19:34', NULL, NULL, 1);
INSERT INTO `role_menu_rel` VALUES (1363478835827343445, 1355784777034104953, 1355784776971190299, '2021-02-21 21:21:01', '2021-03-09 15:19:34', NULL, NULL, 1);
INSERT INTO `role_menu_rel` VALUES (1363478835835731980, 1355784777034104954, 1355784776971190299, '2021-02-21 21:21:01', '2021-03-09 15:19:34', NULL, NULL, 1);
INSERT INTO `role_menu_rel` VALUES (1363478835848314903, 1355784777034104955, 1355784776971190299, '2021-02-21 21:21:01', '2021-03-09 15:19:34', NULL, NULL, 1);
INSERT INTO `role_menu_rel` VALUES (1363478835856703513, 1355784777034104956, 1355784776971190299, '2021-02-21 21:21:01', '2021-03-09 15:19:34', NULL, NULL, 1);
INSERT INTO `role_menu_rel` VALUES (1363478835865092142, 1355784777034104957, 1355784776971190299, '2021-02-21 21:21:01', '2021-03-09 15:19:34', NULL, NULL, 1);
INSERT INTO `role_menu_rel` VALUES (1363478835873480733, 1355784777029910586, 1355784776971190299, '2021-02-21 21:21:01', '2021-03-09 15:19:34', NULL, NULL, 1);
INSERT INTO `role_menu_rel` VALUES (1363478835881869383, 1355784777029910587, 1355784776971190299, '2021-02-21 21:21:01', '2021-03-09 15:19:34', NULL, NULL, 1);
INSERT INTO `role_menu_rel` VALUES (1363478835890258010, 1355784777029910588, 1355784776971190299, '2021-02-21 21:21:01', '2021-03-09 15:19:34', NULL, NULL, 1);
INSERT INTO `role_menu_rel` VALUES (1363478835898646590, 1355784777029910589, 1355784776971190299, '2021-02-21 21:21:01', '2021-03-09 15:19:34', NULL, NULL, 1);
INSERT INTO `role_menu_rel` VALUES (1363478835907035166, 1355784777029910590, 1355784776971190299, '2021-02-21 21:21:01', '2021-03-09 15:19:34', NULL, NULL, 1);
INSERT INTO `role_menu_rel` VALUES (1363478835915423825, 1355784777029910568, 1355784776971190299, '2021-02-21 21:21:01', '2021-03-09 15:19:34', NULL, NULL, 1);
INSERT INTO `role_menu_rel` VALUES (1363478835923812369, 1355784777029910569, 1355784776971190299, '2021-02-21 21:21:01', '2021-03-09 15:19:34', NULL, NULL, 1);
INSERT INTO `role_menu_rel` VALUES (1363478835932201003, 1355784777029910570, 1355784776971190299, '2021-02-21 21:21:01', '2021-03-09 15:19:34', NULL, NULL, 1);
INSERT INTO `role_menu_rel` VALUES (1363478835940589576, 1355784777029910571, 1355784776971190299, '2021-02-21 21:21:01', '2021-03-09 15:19:34', NULL, NULL, 1);
INSERT INTO `role_menu_rel` VALUES (1363478835948978250, 1355784777029910572, 1355784776971190299, '2021-02-21 21:21:01', '2021-03-09 15:19:34', NULL, NULL, 1);
INSERT INTO `role_menu_rel` VALUES (1363478835957366855, 1355784777029910573, 1355784776971190299, '2021-02-21 21:21:01', '2021-03-09 15:19:34', NULL, NULL, 1);
INSERT INTO `role_menu_rel` VALUES (1363478835965755452, 1355784777034104960, 1355784776971190299, '2021-02-21 21:21:01', '2021-03-09 15:19:34', NULL, NULL, 1);
INSERT INTO `role_menu_rel` VALUES (1363478835974144098, 1355784777034104942, 1355784776971190299, '2021-02-21 21:21:01', '2021-03-09 15:19:34', NULL, NULL, 1);
INSERT INTO `role_menu_rel` VALUES (1363478835982532685, 1355784777034104944, 1355784776971190299, '2021-02-21 21:21:01', '2021-03-09 15:19:34', NULL, NULL, 1);
INSERT INTO `role_menu_rel` VALUES (1363478835990921268, 1355784777034104943, 1355784776971190299, '2021-02-21 21:21:01', '2021-03-09 15:19:34', NULL, NULL, 1);
INSERT INTO `role_menu_rel` VALUES (1363478835999309857, 1355784777034104945, 1355784776971190299, '2021-02-21 21:21:01', '2021-03-09 15:19:34', NULL, NULL, 1);
INSERT INTO `role_menu_rel` VALUES (1363478836007698436, 1355784777034104946, 1355784776971190299, '2021-02-21 21:21:01', '2021-03-09 15:19:34', NULL, NULL, 1);
INSERT INTO `role_menu_rel` VALUES (1363478836016087054, 1355784777034104947, 1355784776971190299, '2021-02-21 21:21:01', '2021-03-09 15:19:34', NULL, NULL, 1);
INSERT INTO `role_menu_rel` VALUES (1363478836024475731, 1355784777029910552, 1355784776971190299, '2021-02-21 21:21:01', '2021-03-09 15:19:34', NULL, NULL, 1);
INSERT INTO `role_menu_rel` VALUES (1363478836032864325, 1355784777029910553, 1355784776971190299, '2021-02-21 21:21:01', '2021-03-09 15:19:34', NULL, NULL, 1);
INSERT INTO `role_menu_rel` VALUES (1363478836041252892, 1355784777034104930, 1355784776971190299, '2021-02-21 21:21:01', '2021-03-09 15:19:34', NULL, NULL, 1);
INSERT INTO `role_menu_rel` VALUES (1363478836049641550, 1355784777029910566, 1355784776971190299, '2021-02-21 21:21:01', '2021-03-09 15:19:34', NULL, NULL, 1);
INSERT INTO `role_menu_rel` VALUES (1363478836058030096, 1355784777029910567, 1355784776971190299, '2021-02-21 21:21:01', '2021-03-09 15:19:34', NULL, NULL, 1);
INSERT INTO `role_menu_rel` VALUES (1363478836066418743, 1355784777034104948, 1355784776971190299, '2021-02-21 21:21:01', '2021-03-09 15:19:34', NULL, NULL, 1);
INSERT INTO `role_menu_rel` VALUES (1363478836074807303, 1355784777029910592, 1355784776971190299, '2021-02-21 21:21:01', '2021-03-09 15:19:34', NULL, NULL, 1);
INSERT INTO `role_menu_rel` VALUES (1363478836083195910, 1355784777034104950, 1355784776971190299, '2021-02-21 21:21:01', '2021-03-09 15:19:34', NULL, NULL, 1);
INSERT INTO `role_menu_rel` VALUES (1363478836091584575, 1355784777034104949, 1355784776971190299, '2021-02-21 21:21:01', '2021-03-09 15:19:34', NULL, NULL, 1);
INSERT INTO `role_menu_rel` VALUES (1363478836099973167, 1355784777034104923, 1355784776971190299, '2021-02-21 21:21:01', '2021-03-09 15:19:34', NULL, NULL, 1);
INSERT INTO `role_menu_rel` VALUES (1363478836108361812, 1355784777034104940, 1355784776971190299, '2021-02-21 21:21:01', '2021-03-09 15:19:34', NULL, NULL, 1);
INSERT INTO `role_menu_rel` VALUES (1363478836116750355, 1355784777034104941, 1355784776971190299, '2021-02-21 21:21:01', '2021-03-09 15:19:34', NULL, NULL, 1);
INSERT INTO `role_menu_rel` VALUES (1363478836125139033, 1355784777034104958, 1355784776971190299, '2021-02-21 21:21:01', '2021-03-09 15:19:34', NULL, NULL, 1);
INSERT INTO `role_menu_rel` VALUES (1363478836133527606, 1355784777034104959, 1355784776971190299, '2021-02-21 21:21:01', '2021-03-09 15:19:34', NULL, NULL, 1);
INSERT INTO `role_menu_rel` VALUES (1363478836141916230, 1355784777029910548, 1355784776971190299, '2021-02-21 21:21:01', '2021-03-09 15:19:34', NULL, NULL, 1);
INSERT INTO `role_menu_rel` VALUES (1363478836150304804, 1355784777029910549, 1355784776971190299, '2021-02-21 21:21:01', '2021-03-09 15:19:34', NULL, NULL, 1);
INSERT INTO `role_menu_rel` VALUES (1369186081458618446, 1355784777029910548, 1355784776971190299, '2021-03-09 15:19:35', '2021-04-18 14:27:38', 1355784776958607391, NULL, 1);
INSERT INTO `role_menu_rel` VALUES (1369186081668333667, 1355784777029910549, 1355784776971190299, '2021-03-09 15:19:35', '2021-04-18 14:27:38', 1355784776958607391, NULL, 1);
INSERT INTO `role_menu_rel` VALUES (1369186081706082316, 1355784777029910559, 1355784776971190299, '2021-03-09 15:19:35', '2021-04-18 14:27:38', 1355784776958607391, NULL, 1);
INSERT INTO `role_menu_rel` VALUES (1369186081739636747, 1355784777029910555, 1355784776971190299, '2021-03-09 15:19:35', '2021-04-18 14:27:38', 1355784776958607391, NULL, 1);
INSERT INTO `role_menu_rel` VALUES (1369186081768996904, 1355784777029910558, 1355784776971190299, '2021-03-09 15:19:35', '2021-04-18 14:27:38', 1355784776958607391, NULL, 1);
INSERT INTO `role_menu_rel` VALUES (1369186081802551374, 1355784777029910557, 1355784776971190299, '2021-03-09 15:19:35', '2021-04-18 14:27:38', 1355784776958607391, NULL, 1);
INSERT INTO `role_menu_rel` VALUES (1369186081836105732, 1355784777034104928, 1355784776971190299, '2021-03-09 15:19:35', '2021-04-18 14:27:38', 1355784776958607391, NULL, 1);
INSERT INTO `role_menu_rel` VALUES (1369186081861271650, 1355784777088630838, 1355784776971190299, '2021-03-09 15:19:35', '2021-04-18 14:27:38', 1355784776958607391, NULL, 1);
INSERT INTO `role_menu_rel` VALUES (1369186081886437404, 1355784777029910556, 1355784776971190299, '2021-03-09 15:19:35', '2021-04-18 14:27:38', 1355784776958607391, NULL, 1);
INSERT INTO `role_menu_rel` VALUES (1369186081915797519, 1355784777029910560, 1355784776971190299, '2021-03-09 15:19:35', '2021-04-18 14:27:38', 1355784776958607391, NULL, 1);
INSERT INTO `role_menu_rel` VALUES (1369186081936769072, 1355784777034104927, 1355784776971190299, '2021-03-09 15:19:35', '2021-04-18 14:27:38', 1355784776958607391, NULL, 1);
INSERT INTO `role_menu_rel` VALUES (1369186081961934884, 1355784777029910561, 1355784776971190299, '2021-03-09 15:19:35', '2021-04-18 14:27:38', 1355784776958607391, NULL, 1);
INSERT INTO `role_menu_rel` VALUES (1369186081999683596, 1355784777029910562, 1355784776971190299, '2021-03-09 15:19:35', '2021-04-18 14:27:38', 1355784776958607391, NULL, 1);
INSERT INTO `role_menu_rel` VALUES (1369186082037432395, 1355784777029910563, 1355784776971190299, '2021-03-09 15:19:35', '2021-04-18 14:27:38', 1355784776958607391, NULL, 1);
INSERT INTO `role_menu_rel` VALUES (1369186082368782418, 1355784777034104929, 1355784776971190299, '2021-03-09 15:19:35', '2021-04-18 14:27:38', 1355784776958607391, NULL, 1);
INSERT INTO `role_menu_rel` VALUES (1369186082406531104, 1355784777029910550, 1355784776971190299, '2021-03-09 15:19:35', '2021-04-18 14:27:38', 1355784776958607391, NULL, 1);
INSERT INTO `role_menu_rel` VALUES (1369186082440085523, 1355784777029910564, 1355784776971190299, '2021-03-09 15:19:35', '2021-04-18 14:27:38', 1355784776958607391, NULL, 1);
INSERT INTO `role_menu_rel` VALUES (1369186082544943179, 1355784777034104924, 1355784776971190299, '2021-03-09 15:19:35', '2021-04-18 14:27:38', 1355784776958607391, NULL, 1);
INSERT INTO `role_menu_rel` VALUES (1369186082603663393, 1355784777034104925, 1355784776971190299, '2021-03-09 15:19:35', '2021-04-18 14:27:38', 1355784776958607391, NULL, 1);
INSERT INTO `role_menu_rel` VALUES (1369186082637217818, 1355784777029910551, 1355784776971190299, '2021-03-09 15:19:35', '2021-04-18 14:27:38', 1355784776958607391, NULL, 1);
INSERT INTO `role_menu_rel` VALUES (1369186082662383681, 1355784777029910565, 1355784776971190299, '2021-03-09 15:19:35', '2021-04-18 14:27:38', 1355784776958607391, NULL, 1);
INSERT INTO `role_menu_rel` VALUES (1369186082687549472, 1355784777029910554, 1355784776971190299, '2021-03-09 15:19:35', '2021-04-18 14:27:38', 1355784776958607391, NULL, 1);
INSERT INTO `role_menu_rel` VALUES (1369186082712715363, 1355784777029910574, 1355784776971190299, '2021-03-09 15:19:35', '2021-04-18 14:27:38', 1355784776958607391, NULL, 1);
INSERT INTO `role_menu_rel` VALUES (1369186082737881116, 1355784777029910585, 1355784776971190299, '2021-03-09 15:19:35', '2021-04-18 14:27:38', 1355784776958607391, NULL, 1);
INSERT INTO `role_menu_rel` VALUES (1369186082763046913, 1355784777084436508, 1355784776971190299, '2021-03-09 15:19:35', '2021-04-18 14:27:38', 1355784776958607391, NULL, 1);
INSERT INTO `role_menu_rel` VALUES (1369186082804989955, 1355784777084436510, 1355784776971190299, '2021-03-09 15:19:35', '2021-04-18 14:27:38', 1355784776958607391, NULL, 1);
INSERT INTO `role_menu_rel` VALUES (1369186082834350113, 1355784777034104962, 1355784776971190299, '2021-03-09 15:19:35', '2021-04-18 14:27:38', 1355784776958607391, NULL, 1);
INSERT INTO `role_menu_rel` VALUES (1369186082863710291, 1355784777084436506, 1355784776971190299, '2021-03-09 15:19:35', '2021-04-18 14:27:38', 1355784776958607391, NULL, 1);
INSERT INTO `role_menu_rel` VALUES (1369186082905653337, 1355784777084436507, 1355784776971190299, '2021-03-09 15:19:35', '2021-04-18 14:27:38', 1355784776958607391, NULL, 1);
INSERT INTO `role_menu_rel` VALUES (1369186082939207717, 1355784777029910575, 1355784776971190299, '2021-03-09 15:19:35', '2021-04-18 14:27:38', 1355784776958607391, NULL, 1);
INSERT INTO `role_menu_rel` VALUES (1369186082964373536, 1355784777029910581, 1355784776971190299, '2021-03-09 15:19:35', '2021-04-18 14:27:38', 1355784776958607391, NULL, 1);
INSERT INTO `role_menu_rel` VALUES (1369186083010510901, 1355784777034104931, 1355784776971190299, '2021-03-09 15:19:35', '2021-04-18 14:27:38', 1355784776958607391, NULL, 1);
INSERT INTO `role_menu_rel` VALUES (1369186083039870986, 1355784777029910578, 1355784776971190299, '2021-03-09 15:19:35', '2021-04-18 14:27:38', 1355784776958607391, NULL, 1);
INSERT INTO `role_menu_rel` VALUES (1369186083065036895, 1355784777029910583, 1355784776971190299, '2021-03-09 15:19:35', '2021-04-18 14:27:38', 1355784776958607391, NULL, 1);
INSERT INTO `role_menu_rel` VALUES (1369186083102785619, 1355784777034104932, 1355784776971190299, '2021-03-09 15:19:35', '2021-04-18 14:27:38', 1355784776958607391, NULL, 1);
INSERT INTO `role_menu_rel` VALUES (1369186083140534304, 1355784777029910584, 1355784776971190299, '2021-03-09 15:19:35', '2021-04-18 14:27:38', 1355784776958607391, NULL, 1);
INSERT INTO `role_menu_rel` VALUES (1369186083161505809, 1355784777034104933, 1355784776971190299, '2021-03-09 15:19:35', '2021-04-18 14:27:38', 1355784776958607391, NULL, 1);
INSERT INTO `role_menu_rel` VALUES (1369186083186671695, 1355784777084436515, 1355784776971190299, '2021-03-09 15:19:35', '2021-04-18 14:27:38', 1355784776958607391, NULL, 1);
INSERT INTO `role_menu_rel` VALUES (1369186083216031832, 1355784777088630837, 1355784776971190299, '2021-03-09 15:19:35', '2021-04-18 14:27:38', 1355784776958607391, NULL, 1);
INSERT INTO `role_menu_rel` VALUES (1369186083237003280, 1355784777034104937, 1355784776971190299, '2021-03-09 15:19:35', '2021-04-18 14:27:38', 1355784776958607391, NULL, 1);
INSERT INTO `role_menu_rel` VALUES (1369186083257974873, 1355784777034104961, 1355784776971190299, '2021-03-09 15:19:35', '2021-04-18 14:27:38', 1355784776958607391, NULL, 1);
INSERT INTO `role_menu_rel` VALUES (1369186083278946359, 1355784777034104939, 1355784776971190299, '2021-03-09 15:19:35', '2021-04-18 14:27:38', 1355784776958607391, NULL, 1);
INSERT INTO `role_menu_rel` VALUES (1369186083299917830, 1355784777034104935, 1355784776971190299, '2021-03-09 15:19:35', '2021-04-18 14:27:38', 1355784776958607391, NULL, 1);
INSERT INTO `role_menu_rel` VALUES (1369186083325083745, 1355784777034104936, 1355784776971190299, '2021-03-09 15:19:35', '2021-04-18 14:27:38', 1355784776958607391, NULL, 1);
INSERT INTO `role_menu_rel` VALUES (1369186083350249518, 1355784777034104951, 1355784776971190299, '2021-03-09 15:19:35', '2021-04-18 14:27:38', 1355784776958607391, NULL, 1);
INSERT INTO `role_menu_rel` VALUES (1369186083375415315, 1355784777034104952, 1355784776971190299, '2021-03-09 15:19:35', '2021-04-18 14:27:38', 1355784776958607391, NULL, 1);
INSERT INTO `role_menu_rel` VALUES (1369186083400581153, 1355784777034104953, 1355784776971190299, '2021-03-09 15:19:35', '2021-04-18 14:27:38', 1355784776958607391, NULL, 1);
INSERT INTO `role_menu_rel` VALUES (1369186083434135586, 1355784777034104954, 1355784776971190299, '2021-03-09 15:19:35', '2021-04-18 14:27:38', 1355784776958607391, NULL, 1);
INSERT INTO `role_menu_rel` VALUES (1369186083459301411, 1355784777034104955, 1355784776971190299, '2021-03-09 15:19:35', '2021-04-18 14:27:38', 1355784776958607391, NULL, 1);
INSERT INTO `role_menu_rel` VALUES (1369186083492855862, 1355784777034104956, 1355784776971190299, '2021-03-09 15:19:35', '2021-04-18 14:27:38', 1355784776958607391, NULL, 1);
INSERT INTO `role_menu_rel` VALUES (1369186083518021636, 1355784777034104957, 1355784776971190299, '2021-03-09 15:19:35', '2021-04-18 14:27:38', 1355784776958607391, NULL, 1);
INSERT INTO `role_menu_rel` VALUES (1369186083559964714, 1355784777029910586, 1355784776971190299, '2021-03-09 15:19:35', '2021-04-18 14:27:38', 1355784776958607391, NULL, 1);
INSERT INTO `role_menu_rel` VALUES (1369186083593519185, 1355784777029910587, 1355784776971190299, '2021-03-09 15:19:35', '2021-04-18 14:27:38', 1355784776958607391, NULL, 1);
INSERT INTO `role_menu_rel` VALUES (1369186083618684943, 1355784777029910588, 1355784776971190299, '2021-03-09 15:19:35', '2021-04-18 14:27:38', 1355784776958607391, NULL, 1);
INSERT INTO `role_menu_rel` VALUES (1369186083643850767, 1355784777029910589, 1355784776971190299, '2021-03-09 15:19:35', '2021-04-18 14:27:38', 1355784776958607391, NULL, 1);
INSERT INTO `role_menu_rel` VALUES (1369186083669016589, 1355784777029910590, 1355784776971190299, '2021-03-09 15:19:35', '2021-04-18 14:27:38', 1355784776958607391, NULL, 1);
INSERT INTO `role_menu_rel` VALUES (1369186083685793821, 1355784777029910568, 1355784776971190299, '2021-03-09 15:19:35', '2021-04-18 14:27:38', 1355784776958607391, NULL, 1);
INSERT INTO `role_menu_rel` VALUES (1369186083710959714, 1355784777029910569, 1355784776971190299, '2021-03-09 15:19:35', '2021-04-18 14:27:38', 1355784776958607391, NULL, 1);
INSERT INTO `role_menu_rel` VALUES (1369186083727736892, 1355784777029910570, 1355784776971190299, '2021-03-09 15:19:35', '2021-04-18 14:27:38', 1355784776958607391, NULL, 1);
INSERT INTO `role_menu_rel` VALUES (1369186083757096985, 1355784777029910571, 1355784776971190299, '2021-03-09 15:19:35', '2021-04-18 14:27:38', 1355784776958607391, NULL, 1);
INSERT INTO `role_menu_rel` VALUES (1369186083799040025, 1355784777029910572, 1355784776971190299, '2021-03-09 15:19:35', '2021-04-18 14:27:38', 1355784776958607391, NULL, 1);
INSERT INTO `role_menu_rel` VALUES (1369186083824205894, 1355784777029910573, 1355784776971190299, '2021-03-09 15:19:35', '2021-04-18 14:27:38', 1355784776958607391, NULL, 1);
INSERT INTO `role_menu_rel` VALUES (1369186083849371718, 1355784777034104960, 1355784776971190299, '2021-03-09 15:19:35', '2021-04-18 14:27:38', 1355784776958607391, NULL, 1);
INSERT INTO `role_menu_rel` VALUES (1369186083874537496, 1355784777034104942, 1355784776971190299, '2021-03-09 15:19:35', '2021-04-18 14:27:38', 1355784776958607391, NULL, 1);
INSERT INTO `role_menu_rel` VALUES (1369186083899703319, 1355784777034104944, 1355784776971190299, '2021-03-09 15:19:35', '2021-04-18 14:27:38', 1355784776958607391, NULL, 1);
INSERT INTO `role_menu_rel` VALUES (1369186083920674890, 1355784777034104943, 1355784776971190299, '2021-03-09 15:19:35', '2021-04-18 14:27:38', 1355784776958607391, NULL, 1);
INSERT INTO `role_menu_rel` VALUES (1369186083950035018, 1355784777034104945, 1355784776971190299, '2021-03-09 15:19:35', '2021-04-18 14:27:38', 1355784776958607391, NULL, 1);
INSERT INTO `role_menu_rel` VALUES (1369186083971006513, 1355784777034104946, 1355784776971190299, '2021-03-09 15:19:35', '2021-04-18 14:27:38', 1355784776958607391, NULL, 1);
INSERT INTO `role_menu_rel` VALUES (1369186083991977997, 1355784777034104947, 1355784776971190299, '2021-03-09 15:19:35', '2021-04-18 14:27:38', 1355784776958607391, NULL, 1);
INSERT INTO `role_menu_rel` VALUES (1369186084017143880, 1355784777029910552, 1355784776971190299, '2021-03-09 15:19:35', '2021-04-18 14:27:38', 1355784776958607391, NULL, 1);
INSERT INTO `role_menu_rel` VALUES (1369186084050698250, 1355784777029910553, 1355784776971190299, '2021-03-09 15:19:35', '2021-04-18 14:27:38', 1355784776958607391, NULL, 1);
INSERT INTO `role_menu_rel` VALUES (1369186084067475530, 1355784777034104930, 1355784776971190299, '2021-03-09 15:19:35', '2021-04-18 14:27:38', 1355784776958607391, NULL, 1);
INSERT INTO `role_menu_rel` VALUES (1369186084088446976, 1355784777029910566, 1355784776971190299, '2021-03-09 15:19:35', '2021-04-18 14:27:38', 1355784776958607391, NULL, 1);
INSERT INTO `role_menu_rel` VALUES (1369186084122001446, 1355784777029910567, 1355784776971190299, '2021-03-09 15:19:35', '2021-04-18 14:27:38', 1355784776958607391, NULL, 1);
INSERT INTO `role_menu_rel` VALUES (1369186084151361539, 1355784777034104948, 1355784776971190299, '2021-03-09 15:19:35', '2021-04-18 14:27:38', 1355784776958607391, NULL, 1);
INSERT INTO `role_menu_rel` VALUES (1369186084189110344, 1355784777029910592, 1355784776971190299, '2021-03-09 15:19:35', '2021-04-18 14:27:38', 1355784776958607391, NULL, 1);
INSERT INTO `role_menu_rel` VALUES (1369186084218470472, 1355784777034104950, 1355784776971190299, '2021-03-09 15:19:35', '2021-04-18 14:27:38', 1355784776958607391, NULL, 1);
INSERT INTO `role_menu_rel` VALUES (1369186084361076755, 1355784777034104949, 1355784776971190299, '2021-03-09 15:19:35', '2021-04-18 14:27:38', 1355784776958607391, NULL, 1);
INSERT INTO `role_menu_rel` VALUES (1369186084428185627, 1355784777034104923, 1355784776971190299, '2021-03-09 15:19:35', '2021-04-18 14:27:38', 1355784776958607391, NULL, 1);
INSERT INTO `role_menu_rel` VALUES (1369186084486905878, 1355784777034104940, 1355784776971190299, '2021-03-09 15:19:35', '2021-04-18 14:27:38', 1355784776958607391, NULL, 1);
INSERT INTO `role_menu_rel` VALUES (1369186084507877398, 1355784777034104941, 1355784776971190299, '2021-03-09 15:19:35', '2021-04-18 14:27:38', 1355784776958607391, NULL, 1);
INSERT INTO `role_menu_rel` VALUES (1369186084545626122, 1355784777034104958, 1355784776971190299, '2021-03-09 15:19:35', '2021-04-18 14:27:38', 1355784776958607391, NULL, 1);
INSERT INTO `role_menu_rel` VALUES (1369186084570791959, 1355784777034104959, 1355784776971190299, '2021-03-09 15:19:35', '2021-04-18 14:27:38', 1355784776958607391, NULL, 1);
INSERT INTO `role_menu_rel` VALUES (1373270652294795311, 1355784777029910548, 0, '2021-03-20 21:50:12', '2021-04-18 14:27:54', 1355784776958607391, NULL, 1);
INSERT INTO `role_menu_rel` VALUES (1373270652374487117, 1355784777029910549, 0, '2021-03-20 21:50:12', '2021-04-18 14:27:54', 1355784776958607391, NULL, 1);
INSERT INTO `role_menu_rel` VALUES (1373270652382875675, 1355784777029910559, 0, '2021-03-20 21:50:12', '2021-04-18 14:27:54', 1355784776958607391, NULL, 1);
INSERT INTO `role_menu_rel` VALUES (1373270652391264320, 1355784777029910555, 0, '2021-03-20 21:50:12', '2021-04-18 14:27:54', 1355784776958607391, NULL, 1);
INSERT INTO `role_menu_rel` VALUES (1373270652395458640, 1355784777029910558, 0, '2021-03-20 21:50:12', '2021-04-18 14:27:54', 1355784776958607391, NULL, 1);
INSERT INTO `role_menu_rel` VALUES (1373270652403847182, 1355784777029910557, 0, '2021-03-20 21:50:12', '2021-04-18 14:27:54', 1355784776958607391, NULL, 1);
INSERT INTO `role_menu_rel` VALUES (1373270652408041505, 1355784777034104928, 0, '2021-03-20 21:50:12', '2021-04-18 14:27:54', 1355784776958607391, NULL, 1);
INSERT INTO `role_menu_rel` VALUES (1373270652412235801, 1355784777088630838, 0, '2021-03-20 21:50:12', '2021-04-18 14:27:54', 1355784776958607391, NULL, 1);
INSERT INTO `role_menu_rel` VALUES (1373270652420624456, 1355784777029910556, 0, '2021-03-20 21:50:12', '2021-04-18 14:27:54', 1355784776958607391, NULL, 1);
INSERT INTO `role_menu_rel` VALUES (1373270652424818718, 1355784777029910560, 0, '2021-03-20 21:50:12', '2021-04-18 14:27:54', 1355784776958607391, NULL, 1);
INSERT INTO `role_menu_rel` VALUES (1373270652437401689, 1355784777034104927, 0, '2021-03-20 21:50:12', '2021-04-18 14:27:54', 1355784776958607391, NULL, 1);
INSERT INTO `role_menu_rel` VALUES (1373270652441595991, 1355784777029910561, 0, '2021-03-20 21:50:12', '2021-04-18 14:27:54', 1355784776958607391, NULL, 1);
INSERT INTO `role_menu_rel` VALUES (1373270652458373192, 1355784777029910562, 0, '2021-03-20 21:50:12', '2021-04-18 14:27:54', 1355784776958607391, NULL, 1);
INSERT INTO `role_menu_rel` VALUES (1373270652466761733, 1355784777029910563, 0, '2021-03-20 21:50:12', '2021-04-18 14:27:54', 1355784776958607391, NULL, 1);
INSERT INTO `role_menu_rel` VALUES (1373270652470956046, 1355784777034104929, 0, '2021-03-20 21:50:12', '2021-04-18 14:27:54', 1355784776958607391, NULL, 1);
INSERT INTO `role_menu_rel` VALUES (1373270652475150372, 1355784777029910550, 0, '2021-03-20 21:50:12', '2021-04-18 14:27:54', 1355784776958607391, NULL, 1);
INSERT INTO `role_menu_rel` VALUES (1373270652479344653, 1355784777029910564, 0, '2021-03-20 21:50:12', '2021-04-18 14:27:54', 1355784776958607391, NULL, 1);
INSERT INTO `role_menu_rel` VALUES (1373270652491927627, 1355784777034104924, 0, '2021-03-20 21:50:12', '2021-04-18 14:27:54', 1355784776958607391, NULL, 1);
INSERT INTO `role_menu_rel` VALUES (1373270652496121941, 1355784777034104925, 0, '2021-03-20 21:50:12', '2021-04-18 14:27:54', 1355784776958607391, NULL, 1);
INSERT INTO `role_menu_rel` VALUES (1373270652504510475, 1355784777029910551, 0, '2021-03-20 21:50:12', '2021-04-18 14:27:54', 1355784776958607391, NULL, 1);
INSERT INTO `role_menu_rel` VALUES (1373270652508704814, 1355784777029910565, 0, '2021-03-20 21:50:12', '2021-04-18 14:27:54', 1355784776958607391, NULL, 1);
INSERT INTO `role_menu_rel` VALUES (1373270652571619357, 1355784777029910554, 0, '2021-03-20 21:50:12', '2021-04-18 14:27:54', 1355784776958607391, NULL, 1);
INSERT INTO `role_menu_rel` VALUES (1373270652580008018, 1355784777029910574, 0, '2021-03-20 21:50:12', '2021-04-18 14:27:54', 1355784776958607391, NULL, 1);
INSERT INTO `role_menu_rel` VALUES (1373270652600979510, 1355784777029910585, 0, '2021-03-20 21:50:12', '2021-04-18 14:27:54', 1355784776958607391, NULL, 1);
INSERT INTO `role_menu_rel` VALUES (1373270652617756706, 1355784777084436508, 0, '2021-03-20 21:50:12', '2021-04-18 14:27:54', 1355784776958607391, NULL, 1);
INSERT INTO `role_menu_rel` VALUES (1373270652630339638, 1355784777084436510, 0, '2021-03-20 21:50:12', '2021-04-18 14:27:54', 1355784776958607391, NULL, 1);
INSERT INTO `role_menu_rel` VALUES (1373270652638728277, 1355784777034104962, 0, '2021-03-20 21:50:12', '2021-04-18 14:27:54', 1355784776958607391, NULL, 1);
INSERT INTO `role_menu_rel` VALUES (1373270652647116857, 1355784777084436506, 0, '2021-03-20 21:50:12', '2021-04-18 14:27:54', 1355784776958607391, NULL, 1);
INSERT INTO `role_menu_rel` VALUES (1373270652651311138, 1355784777084436507, 0, '2021-03-20 21:50:12', '2021-04-18 14:27:54', 1355784776958607391, NULL, 1);
INSERT INTO `role_menu_rel` VALUES (1373270652655505433, 1355784777029910575, 0, '2021-03-20 21:50:12', '2021-04-18 14:27:54', 1355784776958607391, NULL, 1);
INSERT INTO `role_menu_rel` VALUES (1373270652659699764, 1355784777029910581, 0, '2021-03-20 21:50:12', '2021-04-18 14:27:54', 1355784776958607391, NULL, 1);
INSERT INTO `role_menu_rel` VALUES (1373270652668088411, 1355784777034104931, 0, '2021-03-20 21:50:12', '2021-04-18 14:27:54', 1355784776958607391, NULL, 1);
INSERT INTO `role_menu_rel` VALUES (1373270652676476948, 1355784777029910578, 0, '2021-03-20 21:50:12', '2021-04-18 14:27:54', 1355784776958607391, NULL, 1);
INSERT INTO `role_menu_rel` VALUES (1373270652680671292, 1355784777029910583, 0, '2021-03-20 21:50:12', '2021-04-18 14:27:54', 1355784776958607391, NULL, 1);
INSERT INTO `role_menu_rel` VALUES (1373270652684865566, 1355784777034104932, 0, '2021-03-20 21:50:12', '2021-04-18 14:27:54', 1355784776958607391, NULL, 1);
INSERT INTO `role_menu_rel` VALUES (1373270652693254176, 1355784777029910584, 0, '2021-03-20 21:50:12', '2021-04-18 14:27:54', 1355784776958607391, NULL, 1);
INSERT INTO `role_menu_rel` VALUES (1373270652697448479, 1355784777034104933, 0, '2021-03-20 21:50:12', '2021-04-18 14:27:54', 1355784776958607391, NULL, 1);
INSERT INTO `role_menu_rel` VALUES (1373270652701642754, 1355784777084436515, 0, '2021-03-20 21:50:12', '2021-04-18 14:27:54', 1355784776958607391, NULL, 1);
INSERT INTO `role_menu_rel` VALUES (1373270652710031361, 1355784777088630837, 0, '2021-03-20 21:50:12', '2021-04-18 14:27:54', 1355784776958607391, NULL, 1);
INSERT INTO `role_menu_rel` VALUES (1373270652714225748, 1355784777034104937, 0, '2021-03-20 21:50:12', '2021-04-18 14:27:54', 1355784776958607391, NULL, 1);
INSERT INTO `role_menu_rel` VALUES (1373270652718420059, 1355784777034104961, 0, '2021-03-20 21:50:12', '2021-04-18 14:27:54', 1355784776958607391, NULL, 1);
INSERT INTO `role_menu_rel` VALUES (1373270652722614350, 1355784777034104939, 0, '2021-03-20 21:50:12', '2021-04-18 14:27:54', 1355784776958607391, NULL, 1);
INSERT INTO `role_menu_rel` VALUES (1373270652726808585, 1355784777034104935, 0, '2021-03-20 21:50:12', '2021-04-18 14:27:54', 1355784776958607391, NULL, 1);
INSERT INTO `role_menu_rel` VALUES (1373270652731002916, 1355784777034104936, 0, '2021-03-20 21:50:12', '2021-04-18 14:27:54', 1355784776958607391, NULL, 1);
INSERT INTO `role_menu_rel` VALUES (1383668525066915911, 1355784777029910549, 1355784776971190299, '2021-04-18 14:27:38', '2021-04-18 14:27:38', 1355784776958607391, NULL, 0);
INSERT INTO `role_menu_rel` VALUES (1383668525079498816, 1355784777029910559, 1355784776971190299, '2021-04-18 14:27:38', '2021-04-18 14:27:38', 1355784776958607391, NULL, 0);
INSERT INTO `role_menu_rel` VALUES (1383668525092081754, 1355784777029910555, 1355784776971190299, '2021-04-18 14:27:38', '2021-04-18 14:27:38', 1355784776958607391, NULL, 0);
INSERT INTO `role_menu_rel` VALUES (1383668525100470319, 1355784777029910558, 1355784776971190299, '2021-04-18 14:27:38', '2021-04-18 14:27:38', 1355784776958607391, NULL, 0);
INSERT INTO `role_menu_rel` VALUES (1383668525108858898, 1355784777029910557, 1355784776971190299, '2021-04-18 14:27:38', '2021-04-18 14:27:38', 1355784776958607391, NULL, 0);
INSERT INTO `role_menu_rel` VALUES (1383668525121441811, 1355784777034104928, 1355784776971190299, '2021-04-18 14:27:38', '2021-04-18 14:27:38', 1355784776958607391, NULL, 0);
INSERT INTO `role_menu_rel` VALUES (1383668525134024724, 1355784777088630838, 1355784776971190299, '2021-04-18 14:27:38', '2021-04-18 14:27:38', 1355784776958607391, NULL, 0);
INSERT INTO `role_menu_rel` VALUES (1383668525142413407, 1355784777029910556, 1355784776971190299, '2021-04-18 14:27:38', '2021-04-18 14:27:38', 1355784776958607391, NULL, 0);
INSERT INTO `role_menu_rel` VALUES (1383668525150801991, 1355784777029910560, 1355784776971190299, '2021-04-18 14:27:38', '2021-04-18 14:27:38', 1355784776958607391, NULL, 0);
INSERT INTO `role_menu_rel` VALUES (1383668525159190570, 1355784777034104927, 1355784776971190299, '2021-04-18 14:27:38', '2021-04-18 14:27:38', 1355784776958607391, NULL, 0);
INSERT INTO `role_menu_rel` VALUES (1383668525167579160, 1355784777029910561, 1355784776971190299, '2021-04-18 14:27:38', '2021-04-18 14:27:38', 1355784776958607391, NULL, 0);
INSERT INTO `role_menu_rel` VALUES (1383668525175967806, 1355784777029910562, 1355784776971190299, '2021-04-18 14:27:38', '2021-04-18 14:27:38', 1355784776958607391, NULL, 0);
INSERT INTO `role_menu_rel` VALUES (1383668525188550684, 1355784777029910563, 1355784776971190299, '2021-04-18 14:27:38', '2021-04-18 14:27:38', 1355784776958607391, NULL, 0);
INSERT INTO `role_menu_rel` VALUES (1383668525196939285, 1355784777034104929, 1355784776971190299, '2021-04-18 14:27:38', '2021-04-18 14:27:38', 1355784776958607391, NULL, 0);
INSERT INTO `role_menu_rel` VALUES (1383668525209522204, 1355784777029910550, 1355784776971190299, '2021-04-18 14:27:38', '2021-04-18 14:27:38', 1355784776958607391, NULL, 0);
INSERT INTO `role_menu_rel` VALUES (1383668525217910786, 1355784777029910564, 1355784776971190299, '2021-04-18 14:27:38', '2021-04-18 14:27:38', 1355784776958607391, NULL, 0);
INSERT INTO `role_menu_rel` VALUES (1383668525230493776, 1355784777034104924, 1355784776971190299, '2021-04-18 14:27:38', '2021-04-18 14:27:38', 1355784776958607391, NULL, 0);
INSERT INTO `role_menu_rel` VALUES (1383668525238882349, 1355784777034104925, 1355784776971190299, '2021-04-18 14:27:38', '2021-04-18 14:27:38', 1355784776958607391, NULL, 0);
INSERT INTO `role_menu_rel` VALUES (1383668525247270952, 1355784777029910551, 1355784776971190299, '2021-04-18 14:27:38', '2021-04-18 14:27:38', 1355784776958607391, NULL, 0);
INSERT INTO `role_menu_rel` VALUES (1383668525255659565, 1355784777029910565, 1355784776971190299, '2021-04-18 14:27:38', '2021-04-18 14:27:38', 1355784776958607391, NULL, 0);
INSERT INTO `role_menu_rel` VALUES (1383668525268242465, 1355784777029910554, 1355784776971190299, '2021-04-18 14:27:38', '2021-04-18 14:27:38', 1355784776958607391, NULL, 0);
INSERT INTO `role_menu_rel` VALUES (1383668525276631087, 1355784777029910574, 1355784776971190299, '2021-04-18 14:27:38', '2021-04-18 14:27:38', 1355784776958607391, NULL, 0);
INSERT INTO `role_menu_rel` VALUES (1383668525285019652, 1355784777029910585, 1355784776971190299, '2021-04-18 14:27:38', '2021-04-18 14:27:38', 1355784776958607391, NULL, 0);
INSERT INTO `role_menu_rel` VALUES (1383668525297602653, 1355784777084436508, 1355784776971190299, '2021-04-18 14:27:38', '2021-04-18 14:27:38', 1355784776958607391, NULL, 0);
INSERT INTO `role_menu_rel` VALUES (1383668525305991204, 1355784777084436510, 1355784776971190299, '2021-04-18 14:27:38', '2021-04-18 14:27:38', 1355784776958607391, NULL, 0);
INSERT INTO `role_menu_rel` VALUES (1383668525314379811, 1355784777034104962, 1355784776971190299, '2021-04-18 14:27:38', '2021-04-18 14:27:38', 1355784776958607391, NULL, 0);
INSERT INTO `role_menu_rel` VALUES (1383668525326962729, 1355784777084436506, 1355784776971190299, '2021-04-18 14:27:38', '2021-04-18 14:27:38', 1355784776958607391, NULL, 0);
INSERT INTO `role_menu_rel` VALUES (1383668525339545693, 1355784777084436507, 1355784776971190299, '2021-04-18 14:27:38', '2021-04-18 14:27:38', 1355784776958607391, NULL, 0);
INSERT INTO `role_menu_rel` VALUES (1383668525347934244, 1355784777034104933, 1355784776971190299, '2021-04-18 14:27:38', '2021-04-18 14:27:38', 1355784776958607391, NULL, 0);
INSERT INTO `role_menu_rel` VALUES (1383668525360517162, 1355784777084436515, 1355784776971190299, '2021-04-18 14:27:38', '2021-04-18 14:27:38', 1355784776958607391, NULL, 0);
INSERT INTO `role_menu_rel` VALUES (1383668525368905777, 1355784777088630837, 1355784776971190299, '2021-04-18 14:27:38', '2021-04-18 14:27:38', 1355784776958607391, NULL, 0);
INSERT INTO `role_menu_rel` VALUES (1383668525381488663, 1355784777034104937, 1355784776971190299, '2021-04-18 14:27:38', '2021-04-18 14:27:38', 1355784776958607391, NULL, 0);
INSERT INTO `role_menu_rel` VALUES (1383668525389877330, 1355784777034104961, 1355784776971190299, '2021-04-18 14:27:38', '2021-04-18 14:27:38', 1355784776958607391, NULL, 0);
INSERT INTO `role_menu_rel` VALUES (1383668525398265952, 1355784777034104939, 1355784776971190299, '2021-04-18 14:27:38', '2021-04-18 14:27:38', 1355784776958607391, NULL, 0);
INSERT INTO `role_menu_rel` VALUES (1383668525410848831, 1355784777034104935, 1355784776971190299, '2021-04-18 14:27:38', '2021-04-18 14:27:38', 1355784776958607391, NULL, 0);
INSERT INTO `role_menu_rel` VALUES (1383668525419237402, 1355784777034104936, 1355784776971190299, '2021-04-18 14:27:38', '2021-04-18 14:27:38', 1355784776958607391, NULL, 0);
INSERT INTO `role_menu_rel` VALUES (1383668525456986163, 1355784777034104951, 1355784776971190299, '2021-04-18 14:27:38', '2021-04-18 14:27:38', 1355784776958607391, NULL, 0);
INSERT INTO `role_menu_rel` VALUES (1383668525536677897, 1355784777034104952, 1355784776971190299, '2021-04-18 14:27:38', '2021-04-18 14:27:38', 1355784776958607391, NULL, 0);
INSERT INTO `role_menu_rel` VALUES (1383668525624758345, 1355784777034104953, 1355784776971190299, '2021-04-18 14:27:38', '2021-04-18 14:27:38', 1355784776958607391, NULL, 0);
INSERT INTO `role_menu_rel` VALUES (1383668525738004558, 1355784777034104954, 1355784776971190299, '2021-04-18 14:27:39', '2021-04-18 14:27:38', 1355784776958607391, NULL, 0);
INSERT INTO `role_menu_rel` VALUES (1383668525830279216, 1355784777034104955, 1355784776971190299, '2021-04-18 14:27:39', '2021-04-18 14:27:38', 1355784776958607391, NULL, 0);
INSERT INTO `role_menu_rel` VALUES (1383668525935136863, 1355784777034104956, 1355784776971190299, '2021-04-18 14:27:39', '2021-04-18 14:27:38', 1355784776958607391, NULL, 0);
INSERT INTO `role_menu_rel` VALUES (1383668525998051424, 1355784777034104957, 1355784776971190299, '2021-04-18 14:27:39', '2021-04-18 14:27:38', 1355784776958607391, NULL, 0);
INSERT INTO `role_menu_rel` VALUES (1383668526031605818, 1355784777029910586, 1355784776971190299, '2021-04-18 14:27:39', '2021-04-18 14:27:38', 1355784776958607391, NULL, 0);
INSERT INTO `role_menu_rel` VALUES (1383668526039994402, 1355784777029910587, 1355784776971190299, '2021-04-18 14:27:39', '2021-04-18 14:27:38', 1355784776958607391, NULL, 0);
INSERT INTO `role_menu_rel` VALUES (1383668526052577341, 1355784777029910588, 1355784776971190299, '2021-04-18 14:27:39', '2021-04-18 14:27:38', 1355784776958607391, NULL, 0);
INSERT INTO `role_menu_rel` VALUES (1383668526060965899, 1355784777029910589, 1355784776971190299, '2021-04-18 14:27:39', '2021-04-18 14:27:38', 1355784776958607391, NULL, 0);
INSERT INTO `role_menu_rel` VALUES (1383668526073548891, 1355784777029910590, 1355784776971190299, '2021-04-18 14:27:39', '2021-04-18 14:27:38', 1355784776958607391, NULL, 0);
INSERT INTO `role_menu_rel` VALUES (1383668526081937506, 1355784777029910568, 1355784776971190299, '2021-04-18 14:27:39', '2021-04-18 14:27:38', 1355784776958607391, NULL, 0);
INSERT INTO `role_menu_rel` VALUES (1383668526090326036, 1355784777029910569, 1355784776971190299, '2021-04-18 14:27:39', '2021-04-18 14:27:38', 1355784776958607391, NULL, 0);
INSERT INTO `role_menu_rel` VALUES (1383668526098714624, 1355784777029910570, 1355784776971190299, '2021-04-18 14:27:39', '2021-04-18 14:27:38', 1355784776958607391, NULL, 0);
INSERT INTO `role_menu_rel` VALUES (1383668526111297560, 1355784777029910571, 1355784776971190299, '2021-04-18 14:27:39', '2021-04-18 14:27:38', 1355784776958607391, NULL, 0);
INSERT INTO `role_menu_rel` VALUES (1383668526119686144, 1355784777029910572, 1355784776971190299, '2021-04-18 14:27:39', '2021-04-18 14:27:38', 1355784776958607391, NULL, 0);
INSERT INTO `role_menu_rel` VALUES (1383668526132269079, 1355784777029910573, 1355784776971190299, '2021-04-18 14:27:39', '2021-04-18 14:27:38', 1355784776958607391, NULL, 0);
INSERT INTO `role_menu_rel` VALUES (1383668526140657688, 1355784777034104960, 1355784776971190299, '2021-04-18 14:27:39', '2021-04-18 14:27:38', 1355784776958607391, NULL, 0);
INSERT INTO `role_menu_rel` VALUES (1383668526149046321, 1355784777034104942, 1355784776971190299, '2021-04-18 14:27:39', '2021-04-18 14:27:38', 1355784776958607391, NULL, 0);
INSERT INTO `role_menu_rel` VALUES (1383668526157434896, 1355784777034104944, 1355784776971190299, '2021-04-18 14:27:39', '2021-04-18 14:27:38', 1355784776958607391, NULL, 0);
INSERT INTO `role_menu_rel` VALUES (1383668526170017848, 1355784777034104943, 1355784776971190299, '2021-04-18 14:27:39', '2021-04-18 14:27:38', 1355784776958607391, NULL, 0);
INSERT INTO `role_menu_rel` VALUES (1383668526178406498, 1355784777034104945, 1355784776971190299, '2021-04-18 14:27:39', '2021-04-18 14:27:38', 1355784776958607391, NULL, 0);
INSERT INTO `role_menu_rel` VALUES (1383668526186795092, 1355784777034104946, 1355784776971190299, '2021-04-18 14:27:39', '2021-04-18 14:27:38', 1355784776958607391, NULL, 0);
INSERT INTO `role_menu_rel` VALUES (1383668526195183682, 1355784777034104947, 1355784776971190299, '2021-04-18 14:27:39', '2021-04-18 14:27:38', 1355784776958607391, NULL, 0);
INSERT INTO `role_menu_rel` VALUES (1383668526207766534, 1355784777029910552, 1355784776971190299, '2021-04-18 14:27:39', '2021-04-18 14:27:38', 1355784776958607391, NULL, 0);
INSERT INTO `role_menu_rel` VALUES (1383668526216155162, 1355784777029910553, 1355784776971190299, '2021-04-18 14:27:39', '2021-04-18 14:27:38', 1355784776958607391, NULL, 0);
INSERT INTO `role_menu_rel` VALUES (1383668526228738082, 1355784777034104930, 1355784776971190299, '2021-04-18 14:27:39', '2021-04-18 14:27:38', 1355784776958607391, NULL, 0);
INSERT INTO `role_menu_rel` VALUES (1383668526241321055, 1355784777029910566, 1355784776971190299, '2021-04-18 14:27:39', '2021-04-18 14:27:38', 1355784776958607391, NULL, 0);
INSERT INTO `role_menu_rel` VALUES (1383668526258098178, 1355784777029910567, 1355784776971190299, '2021-04-18 14:27:39', '2021-04-18 14:27:38', 1355784776958607391, NULL, 0);
INSERT INTO `role_menu_rel` VALUES (1383668526270681168, 1355784777034104948, 1355784776971190299, '2021-04-18 14:27:39', '2021-04-18 14:27:38', 1355784776958607391, NULL, 0);
INSERT INTO `role_menu_rel` VALUES (1383668526283264036, 1355784777029910592, 1355784776971190299, '2021-04-18 14:27:39', '2021-04-18 14:27:38', 1355784776958607391, NULL, 0);
INSERT INTO `role_menu_rel` VALUES (1383668526291652653, 1355784777034104950, 1355784776971190299, '2021-04-18 14:27:39', '2021-04-18 14:27:38', 1355784776958607391, NULL, 0);
INSERT INTO `role_menu_rel` VALUES (1383668526304235571, 1355784777034104949, 1355784776971190299, '2021-04-18 14:27:39', '2021-04-18 14:27:38', 1355784776958607391, NULL, 0);
INSERT INTO `role_menu_rel` VALUES (1383668526375538728, 1355784777034104923, 1355784776971190299, '2021-04-18 14:27:39', '2021-04-18 14:27:38', 1355784776958607391, NULL, 0);
INSERT INTO `role_menu_rel` VALUES (1383668526396510232, 1355784777034104940, 1355784776971190299, '2021-04-18 14:27:39', '2021-04-18 14:27:38', 1355784776958607391, NULL, 0);
INSERT INTO `role_menu_rel` VALUES (1383668526472007688, 1355784777034104941, 1355784776971190299, '2021-04-18 14:27:39', '2021-04-18 14:27:38', 1355784776958607391, NULL, 0);
INSERT INTO `role_menu_rel` VALUES (1383668526551699458, 1355784777034104958, 1355784776971190299, '2021-04-18 14:27:39', '2021-04-18 14:27:38', 1355784776958607391, NULL, 0);
INSERT INTO `role_menu_rel` VALUES (1383668526635585579, 1355784777034104959, 1355784776971190299, '2021-04-18 14:27:39', '2021-04-18 14:27:38', 1355784776958607391, NULL, 0);
INSERT INTO `role_menu_rel` VALUES (1383668526740443168, 1355784777029910548, 1355784776971190299, '2021-04-18 14:27:39', '2021-04-18 14:27:38', 1355784776958607391, NULL, 0);
INSERT INTO `role_menu_rel` VALUES (1383668593513762859, 1355784777029910549, 0, '2021-04-18 14:27:55', '2021-04-18 14:27:54', 1355784776958607391, NULL, 0);
INSERT INTO `role_menu_rel` VALUES (1383668593526345748, 1355784777029910559, 0, '2021-04-18 14:27:55', '2021-04-18 14:27:54', 1355784776958607391, NULL, 0);
INSERT INTO `role_menu_rel` VALUES (1383668593534734358, 1355784777029910555, 0, '2021-04-18 14:27:55', '2021-04-18 14:27:54', 1355784776958607391, NULL, 0);
INSERT INTO `role_menu_rel` VALUES (1383668593547317307, 1355784777029910558, 0, '2021-04-18 14:27:55', '2021-04-18 14:27:54', 1355784776958607391, NULL, 0);
INSERT INTO `role_menu_rel` VALUES (1383668593555705929, 1355784777029910557, 0, '2021-04-18 14:27:55', '2021-04-18 14:27:54', 1355784776958607391, NULL, 0);
INSERT INTO `role_menu_rel` VALUES (1383668593564094507, 1355784777034104928, 0, '2021-04-18 14:27:55', '2021-04-18 14:27:54', 1355784776958607391, NULL, 0);
INSERT INTO `role_menu_rel` VALUES (1383668593572483147, 1355784777088630838, 0, '2021-04-18 14:27:55', '2021-04-18 14:27:54', 1355784776958607391, NULL, 0);
INSERT INTO `role_menu_rel` VALUES (1383668593585066044, 1355784777029910556, 0, '2021-04-18 14:27:55', '2021-04-18 14:27:54', 1355784776958607391, NULL, 0);
INSERT INTO `role_menu_rel` VALUES (1383668593597648945, 1355784777029910560, 0, '2021-04-18 14:27:55', '2021-04-18 14:27:54', 1355784776958607391, NULL, 0);
INSERT INTO `role_menu_rel` VALUES (1383668593610231867, 1355784777034104927, 0, '2021-04-18 14:27:55', '2021-04-18 14:27:54', 1355784776958607391, NULL, 0);
INSERT INTO `role_menu_rel` VALUES (1383668593622814797, 1355784777029910561, 0, '2021-04-18 14:27:55', '2021-04-18 14:27:54', 1355784776958607391, NULL, 0);
INSERT INTO `role_menu_rel` VALUES (1383668593631203385, 1355784777029910562, 0, '2021-04-18 14:27:55', '2021-04-18 14:27:54', 1355784776958607391, NULL, 0);
INSERT INTO `role_menu_rel` VALUES (1383668593639591954, 1355784777029910563, 0, '2021-04-18 14:27:55', '2021-04-18 14:27:54', 1355784776958607391, NULL, 0);
INSERT INTO `role_menu_rel` VALUES (1383668593647980619, 1355784777034104929, 0, '2021-04-18 14:27:55', '2021-04-18 14:27:54', 1355784776958607391, NULL, 0);
INSERT INTO `role_menu_rel` VALUES (1383668593656369205, 1355784777029910550, 0, '2021-04-18 14:27:55', '2021-04-18 14:27:54', 1355784776958607391, NULL, 0);
INSERT INTO `role_menu_rel` VALUES (1383668593668952122, 1355784777029910564, 0, '2021-04-18 14:27:55', '2021-04-18 14:27:54', 1355784776958607391, NULL, 0);
INSERT INTO `role_menu_rel` VALUES (1383668593677340753, 1355784777034104924, 0, '2021-04-18 14:27:55', '2021-04-18 14:27:54', 1355784776958607391, NULL, 0);
INSERT INTO `role_menu_rel` VALUES (1383668593689923668, 1355784777034104925, 0, '2021-04-18 14:27:55', '2021-04-18 14:27:54', 1355784776958607391, NULL, 0);
INSERT INTO `role_menu_rel` VALUES (1383668593698312263, 1355784777029910551, 0, '2021-04-18 14:27:55', '2021-04-18 14:27:54', 1355784776958607391, NULL, 0);
INSERT INTO `role_menu_rel` VALUES (1383668593706700846, 1355784777029910565, 0, '2021-04-18 14:27:55', '2021-04-18 14:27:54', 1355784776958607391, NULL, 0);
INSERT INTO `role_menu_rel` VALUES (1383668593715089481, 1355784777029910554, 0, '2021-04-18 14:27:55', '2021-04-18 14:27:54', 1355784776958607391, NULL, 0);
INSERT INTO `role_menu_rel` VALUES (1383668593723478067, 1355784777029910574, 0, '2021-04-18 14:27:55', '2021-04-18 14:27:54', 1355784776958607391, NULL, 0);
INSERT INTO `role_menu_rel` VALUES (1383668593731866635, 1355784777029910585, 0, '2021-04-18 14:27:55', '2021-04-18 14:27:54', 1355784776958607391, NULL, 0);
INSERT INTO `role_menu_rel` VALUES (1383668593744449555, 1355784777084436508, 0, '2021-04-18 14:27:55', '2021-04-18 14:27:54', 1355784776958607391, NULL, 0);
INSERT INTO `role_menu_rel` VALUES (1383668593752838153, 1355784777084436510, 0, '2021-04-18 14:27:55', '2021-04-18 14:27:54', 1355784776958607391, NULL, 0);
INSERT INTO `role_menu_rel` VALUES (1383668593761226761, 1355784777034104962, 0, '2021-04-18 14:27:55', '2021-04-18 14:27:54', 1355784776958607391, NULL, 0);
INSERT INTO `role_menu_rel` VALUES (1383668593769615420, 1355784777084436506, 0, '2021-04-18 14:27:55', '2021-04-18 14:27:54', 1355784776958607391, NULL, 0);
INSERT INTO `role_menu_rel` VALUES (1383668593778004024, 1355784777084436507, 0, '2021-04-18 14:27:55', '2021-04-18 14:27:54', 1355784776958607391, NULL, 0);
INSERT INTO `role_menu_rel` VALUES (1383668593786392583, 1355784777034104933, 0, '2021-04-18 14:27:55', '2021-04-18 14:27:54', 1355784776958607391, NULL, 0);
INSERT INTO `role_menu_rel` VALUES (1383668593794781271, 1355784777084436515, 0, '2021-04-18 14:27:55', '2021-04-18 14:27:54', 1355784776958607391, NULL, 0);
INSERT INTO `role_menu_rel` VALUES (1383668593807364142, 1355784777088630837, 0, '2021-04-18 14:27:55', '2021-04-18 14:27:54', 1355784776958607391, NULL, 0);
INSERT INTO `role_menu_rel` VALUES (1383668593815752766, 1355784777034104937, 0, '2021-04-18 14:27:55', '2021-04-18 14:27:54', 1355784776958607391, NULL, 0);
INSERT INTO `role_menu_rel` VALUES (1383668593824141401, 1355784777034104961, 0, '2021-04-18 14:27:55', '2021-04-18 14:27:54', 1355784776958607391, NULL, 0);
INSERT INTO `role_menu_rel` VALUES (1383668593832529947, 1355784777034104939, 0, '2021-04-18 14:27:55', '2021-04-18 14:27:54', 1355784776958607391, NULL, 0);
INSERT INTO `role_menu_rel` VALUES (1383668593840918588, 1355784777034104935, 0, '2021-04-18 14:27:55', '2021-04-18 14:27:54', 1355784776958607391, NULL, 0);
INSERT INTO `role_menu_rel` VALUES (1383668593849307165, 1355784777034104936, 0, '2021-04-18 14:27:55', '2021-04-18 14:27:54', 1355784776958607391, NULL, 0);
INSERT INTO `role_menu_rel` VALUES (1383668593857695839, 1355784777029910548, 0, '2021-04-18 14:27:55', '2021-04-18 14:27:54', 1355784776958607391, NULL, 0);
INSERT INTO `role_menu_rel` VALUES (1383668694852341777, 1355784777029910549, 1355784776971190300, '2021-04-18 14:28:19', '2021-04-18 14:28:18', 1355784776958607391, NULL, 0);
INSERT INTO `role_menu_rel` VALUES (1383668694864924732, 1355784777029910559, 1355784776971190300, '2021-04-18 14:28:19', '2021-04-18 14:28:18', 1355784776958607391, NULL, 0);
INSERT INTO `role_menu_rel` VALUES (1383668694873313352, 1355784777029910555, 1355784776971190300, '2021-04-18 14:28:19', '2021-04-18 14:28:18', 1355784776958607391, NULL, 0);
INSERT INTO `role_menu_rel` VALUES (1383668694881701914, 1355784777029910558, 1355784776971190300, '2021-04-18 14:28:19', '2021-04-18 14:28:18', 1355784776958607391, NULL, 0);
INSERT INTO `role_menu_rel` VALUES (1383668694898479170, 1355784777029910557, 1355784776971190300, '2021-04-18 14:28:19', '2021-04-18 14:28:18', 1355784776958607391, NULL, 0);
INSERT INTO `role_menu_rel` VALUES (1383668694911062064, 1355784777034104928, 1355784776971190300, '2021-04-18 14:28:19', '2021-04-18 14:28:18', 1355784776958607391, NULL, 0);
INSERT INTO `role_menu_rel` VALUES (1383668694923645016, 1355784777088630838, 1355784776971190300, '2021-04-18 14:28:19', '2021-04-18 14:28:18', 1355784776958607391, NULL, 0);
INSERT INTO `role_menu_rel` VALUES (1383668694936227920, 1355784777029910556, 1355784776971190300, '2021-04-18 14:28:19', '2021-04-18 14:28:18', 1355784776958607391, NULL, 0);
INSERT INTO `role_menu_rel` VALUES (1383668694944616477, 1355784777029910560, 1355784776971190300, '2021-04-18 14:28:19', '2021-04-18 14:28:18', 1355784776958607391, NULL, 0);
INSERT INTO `role_menu_rel` VALUES (1383668694953005078, 1355784777034104927, 1355784776971190300, '2021-04-18 14:28:19', '2021-04-18 14:28:18', 1355784776958607391, NULL, 0);
INSERT INTO `role_menu_rel` VALUES (1383668694961393695, 1355784777029910561, 1355784776971190300, '2021-04-18 14:28:19', '2021-04-18 14:28:18', 1355784776958607391, NULL, 0);
INSERT INTO `role_menu_rel` VALUES (1383668694969782315, 1355784777029910562, 1355784776971190300, '2021-04-18 14:28:19', '2021-04-18 14:28:18', 1355784776958607391, NULL, 0);
INSERT INTO `role_menu_rel` VALUES (1383668694978170888, 1355784777029910563, 1355784776971190300, '2021-04-18 14:28:19', '2021-04-18 14:28:18', 1355784776958607391, NULL, 0);
INSERT INTO `role_menu_rel` VALUES (1383668694986559536, 1355784777034104929, 1355784776971190300, '2021-04-18 14:28:19', '2021-04-18 14:28:18', 1355784776958607391, NULL, 0);
INSERT INTO `role_menu_rel` VALUES (1383668694994948169, 1355784777029910550, 1355784776971190300, '2021-04-18 14:28:19', '2021-04-18 14:28:18', 1355784776958607391, NULL, 0);
INSERT INTO `role_menu_rel` VALUES (1383668695003336763, 1355784777029910564, 1355784776971190300, '2021-04-18 14:28:19', '2021-04-18 14:28:18', 1355784776958607391, NULL, 0);
INSERT INTO `role_menu_rel` VALUES (1383668695011725392, 1355784777034104924, 1355784776971190300, '2021-04-18 14:28:19', '2021-04-18 14:28:18', 1355784776958607391, NULL, 0);
INSERT INTO `role_menu_rel` VALUES (1383668695015919631, 1355784777034104925, 1355784776971190300, '2021-04-18 14:28:19', '2021-04-18 14:28:18', 1355784776958607391, NULL, 0);
INSERT INTO `role_menu_rel` VALUES (1383668695024308303, 1355784777029910551, 1355784776971190300, '2021-04-18 14:28:19', '2021-04-18 14:28:18', 1355784776958607391, NULL, 0);
INSERT INTO `role_menu_rel` VALUES (1383668695036891195, 1355784777029910565, 1355784776971190300, '2021-04-18 14:28:19', '2021-04-18 14:28:18', 1355784776958607391, NULL, 0);
INSERT INTO `role_menu_rel` VALUES (1383668695041085526, 1355784777029910554, 1355784776971190300, '2021-04-18 14:28:19', '2021-04-18 14:28:18', 1355784776958607391, NULL, 0);
INSERT INTO `role_menu_rel` VALUES (1383668695049474098, 1355784777034104962, 1355784776971190300, '2021-04-18 14:28:19', '2021-04-18 14:28:18', 1355784776958607391, NULL, 0);
INSERT INTO `role_menu_rel` VALUES (1383668695062057011, 1355784777084436506, 1355784776971190300, '2021-04-18 14:28:19', '2021-04-18 14:28:18', 1355784776958607391, NULL, 0);
INSERT INTO `role_menu_rel` VALUES (1383668695066251354, 1355784777084436507, 1355784776971190300, '2021-04-18 14:28:19', '2021-04-18 14:28:18', 1355784776958607391, NULL, 0);
INSERT INTO `role_menu_rel` VALUES (1383668695074639945, 1355784777034104951, 1355784776971190300, '2021-04-18 14:28:19', '2021-04-18 14:28:18', 1355784776958607391, NULL, 0);
INSERT INTO `role_menu_rel` VALUES (1383668695083028567, 1355784777034104952, 1355784776971190300, '2021-04-18 14:28:19', '2021-04-18 14:28:18', 1355784776958607391, NULL, 0);
INSERT INTO `role_menu_rel` VALUES (1383668695091417112, 1355784777034104953, 1355784776971190300, '2021-04-18 14:28:19', '2021-04-18 14:28:18', 1355784776958607391, NULL, 0);
INSERT INTO `role_menu_rel` VALUES (1383668695099805726, 1355784777034104954, 1355784776971190300, '2021-04-18 14:28:19', '2021-04-18 14:28:18', 1355784776958607391, NULL, 0);
INSERT INTO `role_menu_rel` VALUES (1383668695112388666, 1355784777034104955, 1355784776971190300, '2021-04-18 14:28:19', '2021-04-18 14:28:18', 1355784776958607391, NULL, 0);
INSERT INTO `role_menu_rel` VALUES (1383668695116582967, 1355784777034104956, 1355784776971190300, '2021-04-18 14:28:19', '2021-04-18 14:28:18', 1355784776958607391, NULL, 0);
INSERT INTO `role_menu_rel` VALUES (1383668695129165899, 1355784777034104957, 1355784776971190300, '2021-04-18 14:28:19', '2021-04-18 14:28:18', 1355784776958607391, NULL, 0);
INSERT INTO `role_menu_rel` VALUES (1383668695133360217, 1355784777029910586, 1355784776971190300, '2021-04-18 14:28:19', '2021-04-18 14:28:18', 1355784776958607391, NULL, 0);
INSERT INTO `role_menu_rel` VALUES (1383668695141748828, 1355784777029910587, 1355784776971190300, '2021-04-18 14:28:19', '2021-04-18 14:28:18', 1355784776958607391, NULL, 0);
INSERT INTO `role_menu_rel` VALUES (1383668695150137380, 1355784777029910588, 1355784776971190300, '2021-04-18 14:28:19', '2021-04-18 14:28:18', 1355784776958607391, NULL, 0);
INSERT INTO `role_menu_rel` VALUES (1383668695158525994, 1355784777029910589, 1355784776971190300, '2021-04-18 14:28:19', '2021-04-18 14:28:18', 1355784776958607391, NULL, 0);
INSERT INTO `role_menu_rel` VALUES (1383668695166914609, 1355784777029910590, 1355784776971190300, '2021-04-18 14:28:19', '2021-04-18 14:28:18', 1355784776958607391, NULL, 0);
INSERT INTO `role_menu_rel` VALUES (1383668695179497490, 1355784777029910568, 1355784776971190300, '2021-04-18 14:28:19', '2021-04-18 14:28:18', 1355784776958607391, NULL, 0);
INSERT INTO `role_menu_rel` VALUES (1383668695187886099, 1355784777029910569, 1355784776971190300, '2021-04-18 14:28:19', '2021-04-18 14:28:18', 1355784776958607391, NULL, 0);
INSERT INTO `role_menu_rel` VALUES (1383668695196274699, 1355784777029910570, 1355784776971190300, '2021-04-18 14:28:19', '2021-04-18 14:28:18', 1355784776958607391, NULL, 0);
INSERT INTO `role_menu_rel` VALUES (1383668695208857662, 1355784777029910571, 1355784776971190300, '2021-04-18 14:28:19', '2021-04-18 14:28:18', 1355784776958607391, NULL, 0);
INSERT INTO `role_menu_rel` VALUES (1383668695217246236, 1355784777029910572, 1355784776971190300, '2021-04-18 14:28:19', '2021-04-18 14:28:18', 1355784776958607391, NULL, 0);
INSERT INTO `role_menu_rel` VALUES (1383668695225634889, 1355784777029910573, 1355784776971190300, '2021-04-18 14:28:19', '2021-04-18 14:28:18', 1355784776958607391, NULL, 0);
INSERT INTO `role_menu_rel` VALUES (1383668695229829204, 1355784777034104960, 1355784776971190300, '2021-04-18 14:28:19', '2021-04-18 14:28:18', 1355784776958607391, NULL, 0);
INSERT INTO `role_menu_rel` VALUES (1383668695238217786, 1355784777034104942, 1355784776971190300, '2021-04-18 14:28:19', '2021-04-18 14:28:18', 1355784776958607391, NULL, 0);
INSERT INTO `role_menu_rel` VALUES (1383668695246606343, 1355784777034104944, 1355784776971190300, '2021-04-18 14:28:19', '2021-04-18 14:28:18', 1355784776958607391, NULL, 0);
INSERT INTO `role_menu_rel` VALUES (1383668695254994983, 1355784777034104943, 1355784776971190300, '2021-04-18 14:28:19', '2021-04-18 14:28:18', 1355784776958607391, NULL, 0);
INSERT INTO `role_menu_rel` VALUES (1383668695263383559, 1355784777034104945, 1355784776971190300, '2021-04-18 14:28:19', '2021-04-18 14:28:18', 1355784776958607391, NULL, 0);
INSERT INTO `role_menu_rel` VALUES (1383668695271772240, 1355784777034104946, 1355784776971190300, '2021-04-18 14:28:19', '2021-04-18 14:28:18', 1355784776958607391, NULL, 0);
INSERT INTO `role_menu_rel` VALUES (1383668695280160842, 1355784777034104947, 1355784776971190300, '2021-04-18 14:28:19', '2021-04-18 14:28:18', 1355784776958607391, NULL, 0);
INSERT INTO `role_menu_rel` VALUES (1383668695301132381, 1355784777029910552, 1355784776971190300, '2021-04-18 14:28:19', '2021-04-18 14:28:18', 1355784776958607391, NULL, 0);
INSERT INTO `role_menu_rel` VALUES (1383668695309520973, 1355784777029910553, 1355784776971190300, '2021-04-18 14:28:19', '2021-04-18 14:28:18', 1355784776958607391, NULL, 0);
INSERT INTO `role_menu_rel` VALUES (1383668695317909508, 1355784777034104930, 1355784776971190300, '2021-04-18 14:28:19', '2021-04-18 14:28:18', 1355784776958607391, NULL, 0);
INSERT INTO `role_menu_rel` VALUES (1383668695326298122, 1355784777029910566, 1355784776971190300, '2021-04-18 14:28:19', '2021-04-18 14:28:18', 1355784776958607391, NULL, 0);
INSERT INTO `role_menu_rel` VALUES (1383668695334686791, 1355784777029910567, 1355784776971190300, '2021-04-18 14:28:19', '2021-04-18 14:28:18', 1355784776958607391, NULL, 0);
INSERT INTO `role_menu_rel` VALUES (1383668695343075374, 1355784777034104948, 1355784776971190300, '2021-04-18 14:28:19', '2021-04-18 14:28:18', 1355784776958607391, NULL, 0);
INSERT INTO `role_menu_rel` VALUES (1383668695355658315, 1355784777029910592, 1355784776971190300, '2021-04-18 14:28:19', '2021-04-18 14:28:18', 1355784776958607391, NULL, 0);
INSERT INTO `role_menu_rel` VALUES (1383668695364046921, 1355784777034104950, 1355784776971190300, '2021-04-18 14:28:19', '2021-04-18 14:28:18', 1355784776958607391, NULL, 0);
INSERT INTO `role_menu_rel` VALUES (1383668695372435468, 1355784777034104949, 1355784776971190300, '2021-04-18 14:28:19', '2021-04-18 14:28:18', 1355784776958607391, NULL, 0);
INSERT INTO `role_menu_rel` VALUES (1383668695380824112, 1355784777034104923, 1355784776971190300, '2021-04-18 14:28:19', '2021-04-18 14:28:18', 1355784776958607391, NULL, 0);
INSERT INTO `role_menu_rel` VALUES (1383668695389212723, 1355784777034104940, 1355784776971190300, '2021-04-18 14:28:19', '2021-04-18 14:28:18', 1355784776958607391, NULL, 0);
INSERT INTO `role_menu_rel` VALUES (1383668695397601283, 1355784777034104941, 1355784776971190300, '2021-04-18 14:28:19', '2021-04-18 14:28:18', 1355784776958607391, NULL, 0);
INSERT INTO `role_menu_rel` VALUES (1383668695405989940, 1355784777034104958, 1355784776971190300, '2021-04-18 14:28:19', '2021-04-18 14:28:18', 1355784776958607391, NULL, 0);
INSERT INTO `role_menu_rel` VALUES (1383668695418572839, 1355784777034104959, 1355784776971190300, '2021-04-18 14:28:19', '2021-04-18 14:28:18', 1355784776958607391, NULL, 0);
INSERT INTO `role_menu_rel` VALUES (1383668695426961438, 1355784777029910548, 1355784776971190300, '2021-04-18 14:28:19', '2021-04-18 14:28:18', 1355784776958607391, NULL, 0);
COMMIT;

-- ----------------------------
-- Table structure for sys_log
-- ----------------------------
DROP TABLE IF EXISTS `sys_log`;
CREATE TABLE `sys_log` (
  `id` bigint(20) NOT NULL COMMENT 'ID',
  `title` varchar(255) COLLATE utf8mb4_bin DEFAULT '' COMMENT '日志标题',
  `service_id` varchar(32) COLLATE utf8mb4_bin DEFAULT NULL COMMENT '微服务ID',
  `user_id` bigint(20) DEFAULT NULL COMMENT '操作用户id',
  `username` varchar(64) COLLATE utf8mb4_bin DEFAULT NULL COMMENT '操作用户名',
  `client_ip` varchar(255) COLLATE utf8mb4_bin DEFAULT NULL COMMENT '客户端IP',
  `user_agent` varchar(1000) COLLATE utf8mb4_bin DEFAULT NULL COMMENT '用户代理',
  `url` varchar(255) COLLATE utf8mb4_bin DEFAULT NULL COMMENT '请求URL',
  `uri` varchar(255) COLLATE utf8mb4_bin DEFAULT NULL COMMENT '请求URI',
  `method` varchar(10) COLLATE utf8mb4_bin DEFAULT NULL COMMENT '请求方式 GET POST DELETE PUT等',
  `params` varchar(1000) COLLATE utf8mb4_bin DEFAULT NULL COMMENT '操作提交请求参数',
  `time` bigint(20) DEFAULT NULL COMMENT '请求执行时长 单位 ms',
  `exception_message` varchar(255) COLLATE utf8mb4_bin DEFAULT NULL COMMENT '异常信息',
  `type` tinyint(1) NOT NULL DEFAULT '1' COMMENT '日志类型 1 正常日志 2 错误日志',
  `create_time` datetime NOT NULL DEFAULT CURRENT_TIMESTAMP COMMENT '创建时间',
  `update_time` datetime NOT NULL DEFAULT CURRENT_TIMESTAMP ON UPDATE CURRENT_TIMESTAMP COMMENT '更新时间',
  `create_user_id` bigint(20) DEFAULT NULL COMMENT '创建人',
  `update_user_id` bigint(20) DEFAULT NULL COMMENT '更新人',
  `is_deleted` bigint(20) DEFAULT '0' COMMENT '逻辑删除',
  PRIMARY KEY (`id`),
  KEY `idx_username` (`username`),
  KEY `idx_type` (`type`)
) ENGINE=InnoDB DEFAULT CHARSET=utf8mb4 COLLATE=utf8mb4_bin COMMENT='系统操作日志';

-- ----------------------------
-- Records of sys_log
-- ----------------------------
BEGIN;
INSERT INTO `sys_log` VALUES (1373270152270843907, '修改用户', 'pika-upms', 1355784776958607391, 'admin', '39.183.4.24', 'Mozilla/5.0 (Macintosh; Intel Mac OS X 10_15_6) AppleWebKit/537.36 (KHTML, like Gecko) Chrome/89.0.4389.90 Safari/537.36', 'http://172.17.0.8:8120/user', '/user', 'PUT', '[{\"description\":\"\",\"id\":1355806041316524084,\"mobile\":\"13036201053\",\"name\":\"pikaman\",\"roleIds\":[0],\"status\":0,\"username\":\"pikaman\"}]', 748, NULL, 1, '2021-03-20 21:48:13', '2021-03-20 21:48:13', NULL, NULL, 0);
INSERT INTO `sys_log` VALUES (1373270160831418375, '修改用户', 'pika-upms', 1355784776958607391, 'admin', '39.183.4.24', 'Mozilla/5.0 (Macintosh; Intel Mac OS X 10_15_6) AppleWebKit/537.36 (KHTML, like Gecko) Chrome/89.0.4389.90 Safari/537.36', 'http://172.17.0.8:8120/user', '/user', 'PUT', '[{\"description\":\"\",\"id\":1355806041316524084,\"mobile\":\"13036201053\",\"name\":\"pikaman\",\"roleIds\":[0],\"status\":0,\"username\":\"pikaman\"}]', 20, NULL, 1, '2021-03-20 21:48:15', '2021-03-20 21:48:15', NULL, NULL, 0);
INSERT INTO `sys_log` VALUES (1373270281971306584, '修改用户', 'pika-upms', 1355784776958607391, 'admin', '39.183.4.24', 'Mozilla/5.0 (Macintosh; Intel Mac OS X 10_15_6) AppleWebKit/537.36 (KHTML, like Gecko) Chrome/89.0.4389.90 Safari/537.36', 'http://172.17.0.8:8120/user', '/user', 'PUT', '[{\"description\":\"\",\"id\":1355806041316524084,\"mobile\":\"13036201053\",\"name\":\"pikaman\",\"roleIds\":[1355784776971190299],\"status\":0,\"username\":\"pikaman\"}]', 23, NULL, 1, '2021-03-20 21:48:44', '2021-03-20 21:48:44', NULL, NULL, 0);
INSERT INTO `sys_log` VALUES (1373270652806500361, '编辑角色', 'pika-upms', 1355784776958607391, 'admin', '39.183.4.24', 'Mozilla/5.0 (Macintosh; Intel Mac OS X 10_15_6) AppleWebKit/537.36 (KHTML, like Gecko) Chrome/89.0.4389.90 Safari/537.36', 'http://172.17.0.8:8120/role', '/role', 'PUT', '[{\"code\":\"CTO\",\"description\":\"技术总监\",\"id\":0,\"menuIdList\":[1355784777029910548,1355784777029910549,1355784777029910559,1355784777029910555,1355784777029910558,1355784777029910557,1355784777034104928,1355784777088630838,1355784777029910556,1355784777029910560,1355784777034104927,1355784777029910561,1355784777029910562,1355784777029910563,1355784777034104929,1355784777029910550,1355784777029910564,1355784777034104924,1355784777034104925,1355784777029910551,1355784777029910565,1355784777029910554,1355784777029910574,1355784777029910585,1355784777084436508,1355784777084436510,1355784777034104962,1355784777084436506,1355784777084436507,1355784777029910575,1355784777029910581,1355784777034104931,1355784777029910578,1355784777029910583,1355784777034104932,1355784777029910584,1355784777034104933,1355784777084436515,1355784777088630837,1355784777034104937,1355784777034104961,1355784777034104939,1355784777034104935,1355784777034104936],\"name\":\"技术总监\"}]', 234, NULL, 1, '2021-03-20 21:50:12', '2021-03-20 21:50:12', NULL, NULL, 0);
INSERT INTO `sys_log` VALUES (1373271034379112516, '刷新路由', 'pika-upms', 1355784776958607391, 'admin', '39.183.4.24', 'Mozilla/5.0 (Macintosh; Intel Mac OS X 10_15_6) AppleWebKit/537.36 (KHTML, like Gecko) Chrome/89.0.4389.90 Safari/537.36', 'http://172.17.0.8:8120/gateway/refresh', '/gateway/refresh', 'POST', '[]', 2912, NULL, 1, '2021-03-20 21:51:43', '2021-03-20 21:51:43', NULL, NULL, 0);
INSERT INTO `sys_log` VALUES (1380878564915679315, '修改用户', 'pika-upms', 1355784776958607391, 'admin', '112.10.239.86', 'Mozilla/5.0 (Macintosh; Intel Mac OS X 10_15_6) AppleWebKit/537.36 (KHTML, like Gecko) Chrome/89.0.4389.114 Safari/537.36', 'http://172.17.0.8:8120/user', '/user', 'PUT', '[{\"description\":\"超级管理员，拥有系统最高权限\",\"id\":1355784776958607391,\"mobile\":\"13036200001\",\"name\":\"超级管理员\",\"roleIds\":[1355784776971190299],\"status\":1,\"username\":\"admin\"}]', 1442, NULL, 1, '2021-04-10 21:41:20', '2021-04-10 21:41:20', NULL, NULL, 0);
INSERT INTO `sys_log` VALUES (1380878592052826165, '修改用户', 'pika-upms', 1355784776958607391, 'admin', '112.10.239.86', 'Mozilla/5.0 (Macintosh; Intel Mac OS X 10_15_6) AppleWebKit/537.36 (KHTML, like Gecko) Chrome/89.0.4389.114 Safari/537.36', 'http://172.17.0.8:8120/user', '/user', 'PUT', '[{\"description\":\"\",\"id\":1355806041316524084,\"mobile\":\"13036200002\",\"name\":\"pikaman\",\"roleIds\":[1355784776971190299],\"status\":0,\"username\":\"pikaman\"}]', 100, NULL, 1, '2021-04-10 21:41:26', '2021-04-10 21:41:26', NULL, NULL, 0);
INSERT INTO `sys_log` VALUES (1383388827325829207, '编辑菜单', 'pika-upms', 1355784776958607391, 'admin', '112.10.239.18', 'Mozilla/5.0 (Macintosh; Intel Mac OS X 10_15_6) AppleWebKit/537.36 (KHTML, like Gecko) Chrome/89.0.4389.128 Safari/537.36', 'http://172.17.0.8:8120/menu', '/menu', 'PUT', '[{\"code\":\"\",\"icon\":\"\",\"id\":1355784777034104948,\"method\":\"\",\"name\":\"超时订单\",\"parentId\":1355784777029910553,\"sequence\":1,\"type\":1,\"uri\":\"/trade-center/order/abnormal\"}]', 3213, NULL, 1, '2021-04-17 19:56:13', '2021-04-17 19:56:13', NULL, NULL, 0);
INSERT INTO `sys_log` VALUES (1383388827325829208, '编辑菜单', 'pika-upms', 1355784776958607391, 'admin', '112.10.239.18', 'Mozilla/5.0 (Macintosh; Intel Mac OS X 10_15_6) AppleWebKit/537.36 (KHTML, like Gecko) Chrome/89.0.4389.128 Safari/537.36', 'http://172.17.0.8:8120/menu', '/menu', 'PUT', '[{\"code\":\"\",\"icon\":\"\",\"id\":1355784777034104948,\"method\":\"\",\"name\":\"超时订单\",\"parentId\":1355784777029910553,\"sequence\":1,\"type\":1,\"uri\":\"/trade-center/order/abnormal\"}]', 2858, NULL, 1, '2021-04-17 19:56:13', '2021-04-17 19:56:13', NULL, NULL, 0);
INSERT INTO `sys_log` VALUES (1383668427801006085, '删除菜单', 'pika-upms', 1355784776958607391, 'admin', '127.0.0.1', 'Mozilla/5.0 (Macintosh; Intel Mac OS X 10_15_6) AppleWebKit/537.36 (KHTML, like Gecko) Chrome/89.0.4389.128 Safari/537.36', 'http://192.168.124.12:8120/menu/1355784777029910581', '/menu/1355784777029910581', 'DELETE', '[1355784777029910581]', 55, 'PikaException code: 30104, type: BIZ_ERROR, msg: 有角色与菜单关联', 2, '2021-04-18 14:27:15', '2021-04-18 14:27:15', NULL, NULL, 0);
INSERT INTO `sys_log` VALUES (1383668593899638834, '编辑角色', 'pika-upms', 1355784776958607391, 'admin', '127.0.0.1', 'Mozilla/5.0 (Macintosh; Intel Mac OS X 10_15_6) AppleWebKit/537.36 (KHTML, like Gecko) Chrome/89.0.4389.128 Safari/537.36', 'http://192.168.124.12:8120/role', '/role', 'PUT', '[{\"code\":\"CTO\",\"description\":\"技术总监\",\"id\":0,\"menuIdList\":[1355784777029910549,1355784777029910559,1355784777029910555,1355784777029910558,1355784777029910557,1355784777034104928,1355784777088630838,1355784777029910556,1355784777029910560,1355784777034104927,1355784777029910561,1355784777029910562,1355784777029910563,1355784777034104929,1355784777029910550,1355784777029910564,1355784777034104924,1355784777034104925,1355784777029910551,1355784777029910565,1355784777029910554,1355784777029910574,1355784777029910585,1355784777084436508,1355784777084436510,1355784777034104962,1355784777084436506,1355784777084436507,1355784777034104933,1355784777084436515,1355784777088630837,1355784777034104937,1355784777034104961,1355784777034104939,1355784777034104935,1355784777034104936,1355784777029910548],\"name\":\"技术总监\"}]', 106, NULL, 1, '2021-04-18 14:27:55', '2021-04-18 14:27:54', NULL, NULL, 0);
INSERT INTO `sys_log` VALUES (1383668746790408290, '删除菜单', 'pika-upms', 1355784776958607391, 'admin', '127.0.0.1', 'Mozilla/5.0 (Macintosh; Intel Mac OS X 10_15_6) AppleWebKit/537.36 (KHTML, like Gecko) Chrome/89.0.4389.128 Safari/537.36', 'http://192.168.124.12:8120/menu/1355784777029910581', '/menu/1355784777029910581', 'DELETE', '[1355784777029910581]', 26, NULL, 1, '2021-04-18 14:28:31', '2021-04-18 14:28:31', NULL, NULL, 0);
INSERT INTO `sys_log` VALUES (1383668821147029505, '删除菜单', 'pika-upms', 1355784776958607391, 'admin', '127.0.0.1', 'Mozilla/5.0 (Macintosh; Intel Mac OS X 10_15_6) AppleWebKit/537.36 (KHTML, like Gecko) Chrome/89.0.4389.128 Safari/537.36', 'http://192.168.124.12:8120/menu/1355784777034104931', '/menu/1355784777034104931', 'DELETE', '[1355784777034104931]', 49, NULL, 1, '2021-04-18 14:28:49', '2021-04-18 14:28:48', NULL, NULL, 0);
INSERT INTO `sys_log` VALUES (1383668866164494420, '删除菜单', 'pika-upms', 1355784776958607391, 'admin', '127.0.0.1', 'Mozilla/5.0 (Macintosh; Intel Mac OS X 10_15_6) AppleWebKit/537.36 (KHTML, like Gecko) Chrome/89.0.4389.128 Safari/537.36', 'http://192.168.124.12:8120/menu/1355784777029910584', '/menu/1355784777029910584', 'DELETE', '[1355784777029910584]', 132, NULL, 1, '2021-04-18 14:29:00', '2021-04-18 14:28:59', NULL, NULL, 0);
INSERT INTO `sys_log` VALUES (1383668903573491803, '删除菜单', 'pika-upms', 1355784776958607391, 'admin', '127.0.0.1', 'Mozilla/5.0 (Macintosh; Intel Mac OS X 10_15_6) AppleWebKit/537.36 (KHTML, like Gecko) Chrome/89.0.4389.128 Safari/537.36', 'http://192.168.124.12:8120/menu/1355784777034104932', '/menu/1355784777034104932', 'DELETE', '[1355784777034104932]', 77, NULL, 1, '2021-04-18 14:29:09', '2021-04-18 14:29:08', NULL, NULL, 0);
INSERT INTO `sys_log` VALUES (1383668940227514431, '删除菜单', 'pika-upms', 1355784776958607391, 'admin', '127.0.0.1', 'Mozilla/5.0 (Macintosh; Intel Mac OS X 10_15_6) AppleWebKit/537.36 (KHTML, like Gecko) Chrome/89.0.4389.128 Safari/537.36', 'http://192.168.124.12:8120/menu/1355784777029910583', '/menu/1355784777029910583', 'DELETE', '[1355784777029910583]', 46, NULL, 1, '2021-04-18 14:29:17', '2021-04-18 14:29:17', NULL, NULL, 0);
INSERT INTO `sys_log` VALUES (1383668977095446554, '删除菜单', 'pika-upms', 1355784776958607391, 'admin', '127.0.0.1', 'Mozilla/5.0 (Macintosh; Intel Mac OS X 10_15_6) AppleWebKit/537.36 (KHTML, like Gecko) Chrome/89.0.4389.128 Safari/537.36', 'http://192.168.124.12:8120/menu/1355784777029910578', '/menu/1355784777029910578', 'DELETE', '[1355784777029910578]', 144, NULL, 1, '2021-04-18 14:29:26', '2021-04-18 14:29:26', NULL, NULL, 0);
INSERT INTO `sys_log` VALUES (1383669012285657156, '删除菜单', 'pika-upms', 1355784776958607391, 'admin', '127.0.0.1', 'Mozilla/5.0 (Macintosh; Intel Mac OS X 10_15_6) AppleWebKit/537.36 (KHTML, like Gecko) Chrome/89.0.4389.128 Safari/537.36', 'http://192.168.124.12:8120/menu/1355784777029910575', '/menu/1355784777029910575', 'DELETE', '[1355784777029910575]', 168, NULL, 1, '2021-04-18 14:29:35', '2021-04-18 14:29:34', NULL, NULL, 0);
COMMIT;

-- ----------------------------
-- Table structure for user
-- ----------------------------
DROP TABLE IF EXISTS `user`;
CREATE TABLE `user` (
  `id` bigint(20) NOT NULL COMMENT 'ID',
  `username` varchar(100) COLLATE utf8mb4_bin NOT NULL COMMENT '用户名',
  `password` varchar(100) COLLATE utf8mb4_bin NOT NULL COMMENT '密码',
  `name` varchar(64) COLLATE utf8mb4_bin DEFAULT NULL COMMENT '用户姓名',
  `mobile` char(11) COLLATE utf8mb4_bin DEFAULT NULL COMMENT '手机号',
  `avatar` varchar(255) COLLATE utf8mb4_bin DEFAULT NULL COMMENT '头像',
  `gender` int(11) NOT NULL DEFAULT '0' COMMENT '性别 0 未知 1 男 2 女',
  `city` varchar(32) COLLATE utf8mb4_bin DEFAULT NULL COMMENT '城市',
  `signature` varchar(100) COLLATE utf8mb4_bin DEFAULT NULL COMMENT '签名',
  `description` varchar(500) COLLATE utf8mb4_bin DEFAULT NULL COMMENT '简介',
  `type` int(10) NOT NULL DEFAULT '1' COMMENT '类型 1 普通用户 2 管理员 3 官方号 4 马甲号',
  `enabled` tinyint(1) NOT NULL DEFAULT '1' COMMENT '是否有效用户 0 否 1 是',
  `account_non_expired` tinyint(1) NOT NULL DEFAULT '1' COMMENT '账号是否未过期 0 否 1 是',
  `credentials_non_expired` tinyint(1) NOT NULL DEFAULT '1' COMMENT '密码是否未过期 0 否 1 是',
  `account_non_locked` tinyint(1) NOT NULL DEFAULT '1' COMMENT '是否未锁定 0 否 1 是',
  `status` tinyint(1) NOT NULL DEFAULT '1' COMMENT '状态 0 未激活 1 激活',
  `create_time` datetime NOT NULL DEFAULT CURRENT_TIMESTAMP COMMENT '创建时间',
  `update_time` datetime NOT NULL DEFAULT CURRENT_TIMESTAMP ON UPDATE CURRENT_TIMESTAMP COMMENT '更新时间',
  `create_user_id` bigint(20) DEFAULT NULL COMMENT '创建人',
  `update_user_id` bigint(20) DEFAULT NULL COMMENT '更新人',
  `is_deleted` bigint(20) DEFAULT '0' COMMENT '逻辑删除',
  PRIMARY KEY (`id`),
  UNIQUE KEY `uk_user_username` (`username`),
  UNIQUE KEY `uk_user_mobile` (`mobile`)
) ENGINE=InnoDB DEFAULT CHARSET=utf8mb4 COLLATE=utf8mb4_bin COMMENT='用户';

-- ----------------------------
-- Records of user
-- ----------------------------
BEGIN;
INSERT INTO `user` VALUES (1355784776958607391, 'admin', '$2a$04$xTfWdwLZ50mMH1fPvARvA.QnA4T0UzFS4KsUEtSCsfop7Ud82iiu6', '超级管理员', '13036200001', 'http://img.wenlincheng.com/20200429120007.jpg', 1, NULL, NULL, '超级管理员，拥有系统最高权限', 2, 1, 1, 1, 1, 1, '2020-04-27 09:28:09', '2021-04-10 21:41:18', NULL, 1355784776958607391, 0);
INSERT INTO `user` VALUES (1355806041316524084, 'pikaman', '$2a$04$7O62Xuc0QBpL2TEl2WingeeaZMEnAae1M1pswSEYBHvu/rbNMoKYu', 'pikaman', '13036200002', NULL, 0, NULL, NULL, '', 1, 1, 1, 1, 1, 0, '2021-01-31 03:12:05', '2021-04-10 21:41:26', NULL, 1355784776958607391, 0);
COMMIT;

-- ----------------------------
-- Table structure for user_address
-- ----------------------------
DROP TABLE IF EXISTS `user_address`;
CREATE TABLE `user_address` (
  `id` bigint(20) NOT NULL COMMENT 'ID',
  `user_id` bigint(20) NOT NULL COMMENT '用户id',
  `name` varchar(50) COLLATE utf8mb4_bin NOT NULL COMMENT '姓名',
  `mobile` varchar(20) COLLATE utf8mb4_bin NOT NULL COMMENT '手机号',
  `region_id` int(11) NOT NULL COMMENT '省市区街道编码',
  `postal_code` char(6) COLLATE utf8mb4_bin DEFAULT NULL COMMENT '邮政编码',
  `detail` varchar(255) COLLATE utf8mb4_bin DEFAULT NULL COMMENT '详细地址：如门牌号、小区、楼栋号、单元室等',
  `tag` varchar(20) COLLATE utf8mb4_bin DEFAULT NULL COMMENT '标签 如：家、公司、学校等',
  `is_default` tinyint(1) NOT NULL DEFAULT '0' COMMENT '是否默认 0 否 1 是',
  `create_time` datetime NOT NULL DEFAULT CURRENT_TIMESTAMP COMMENT '创建时间',
  `update_time` datetime NOT NULL DEFAULT CURRENT_TIMESTAMP COMMENT '修改时间',
  `create_user_id` bigint(20) DEFAULT NULL COMMENT '创建人',
  `update_user_id` bigint(20) DEFAULT NULL COMMENT '更新人',
  `is_deleted` bigint(20) DEFAULT '0' COMMENT '逻辑删除',
  PRIMARY KEY (`id`),
  KEY `idx_user_id` (`user_id`) USING BTREE
) ENGINE=InnoDB DEFAULT CHARSET=utf8mb4 COLLATE=utf8mb4_bin COMMENT='用户地址';

-- ----------------------------
-- Table structure for user_detail
-- ----------------------------
DROP TABLE IF EXISTS `user_detail`;
CREATE TABLE `user_detail` (
  `id` bigint(20) NOT NULL COMMENT 'ID',
  `user_id` varchar(100) COLLATE utf8mb4_bin NOT NULL COMMENT '用户id',
  `create_time` datetime NOT NULL DEFAULT CURRENT_TIMESTAMP COMMENT '创建时间',
  `update_time` datetime NOT NULL DEFAULT CURRENT_TIMESTAMP ON UPDATE CURRENT_TIMESTAMP COMMENT '更新时间',
  `create_user_id` bigint(20) DEFAULT NULL COMMENT '创建人',
  `update_user_id` bigint(20) DEFAULT NULL COMMENT '更新人',
  `is_deleted` bigint(20) DEFAULT '0' COMMENT '逻辑删除',
  PRIMARY KEY (`id`),
  KEY `idx_user_id` (`user_id`)
) ENGINE=InnoDB DEFAULT CHARSET=utf8mb4 COLLATE=utf8mb4_bin COMMENT='用户详情';

-- ----------------------------
-- Table structure for user_organization_rel
-- ----------------------------
DROP TABLE IF EXISTS `user_organization_rel`;
CREATE TABLE `user_organization_rel` (
  `id` bigint(20) NOT NULL COMMENT 'ID',
  `user_id` bigint(20) NOT NULL COMMENT '用户id',
  `organization_id` bigint(20) NOT NULL COMMENT '组织id',
  `create_time` datetime NOT NULL DEFAULT CURRENT_TIMESTAMP COMMENT '创建时间',
  `update_time` datetime NOT NULL DEFAULT CURRENT_TIMESTAMP ON UPDATE CURRENT_TIMESTAMP COMMENT '更新时间',
  `create_user_id` bigint(20) DEFAULT NULL COMMENT '创建人',
  `update_user_id` bigint(20) DEFAULT NULL COMMENT '更新人',
  `is_deleted` tinyint(1) DEFAULT '0' COMMENT '逻辑删除',
  PRIMARY KEY (`id`)
) ENGINE=InnoDB DEFAULT CHARSET=utf8mb4 COLLATE=utf8mb4_bin COMMENT='用户和组织关系';

-- ----------------------------
-- Records of user_organization_rel
-- ----------------------------
BEGIN;
INSERT INTO `user_organization_rel` VALUES (101, 101, 101, '2020-04-27 09:28:09', '2020-04-27 09:28:09', NULL, NULL, 0);
INSERT INTO `user_organization_rel` VALUES (102, 102, 101, '2020-04-27 09:28:09', '2020-04-27 09:28:09', NULL, NULL, 0);
COMMIT;

-- ----------------------------
-- Table structure for user_position_rel
-- ----------------------------
DROP TABLE IF EXISTS `user_position_rel`;
CREATE TABLE `user_position_rel` (
  `id` bigint(20) NOT NULL COMMENT 'ID',
  `user_id` bigint(20) NOT NULL COMMENT '用户id',
  `position_id` bigint(20) NOT NULL COMMENT '角色id',
  `create_time` datetime NOT NULL DEFAULT CURRENT_TIMESTAMP COMMENT '创建时间',
  `update_time` datetime NOT NULL DEFAULT CURRENT_TIMESTAMP ON UPDATE CURRENT_TIMESTAMP COMMENT '更新时间',
  `create_user_id` bigint(20) DEFAULT NULL COMMENT '创建人',
  `update_user_id` bigint(20) DEFAULT NULL COMMENT '更新人',
  `is_deleted` tinyint(1) DEFAULT '0' COMMENT '逻辑删除',
  PRIMARY KEY (`id`)
) ENGINE=InnoDB DEFAULT CHARSET=utf8mb4 COLLATE=utf8mb4_bin COMMENT='用户和岗位关系';

-- ----------------------------
-- Records of user_position_rel
-- ----------------------------
BEGIN;
INSERT INTO `user_position_rel` VALUES (101, 101, 103, '2020-04-27 09:28:09', '2020-04-27 09:28:09', NULL, NULL, 0);
INSERT INTO `user_position_rel` VALUES (102, 102, 103, '2020-04-27 09:28:09', '2020-04-27 09:28:09', NULL, NULL, 0);
COMMIT;

-- ----------------------------
-- Table structure for user_role_rel
-- ----------------------------
DROP TABLE IF EXISTS `user_role_rel`;
CREATE TABLE `user_role_rel` (
  `id` bigint(20) NOT NULL COMMENT 'ID',
  `user_id` bigint(20) NOT NULL COMMENT '用户id',
  `role_id` bigint(20) NOT NULL COMMENT '角色id',
  `create_time` datetime NOT NULL DEFAULT CURRENT_TIMESTAMP COMMENT '创建时间',
  `update_time` datetime NOT NULL DEFAULT CURRENT_TIMESTAMP ON UPDATE CURRENT_TIMESTAMP COMMENT '更新时间',
  `create_user_id` bigint(20) DEFAULT NULL COMMENT '创建人',
  `update_user_id` bigint(20) DEFAULT NULL COMMENT '更新人',
  `is_deleted` tinyint(1) DEFAULT '0' COMMENT '逻辑删除',
  PRIMARY KEY (`id`)
) ENGINE=InnoDB DEFAULT CHARSET=utf8mb4 COLLATE=utf8mb4_bin COMMENT='用户和角色关系';

-- ----------------------------
-- Table structure for dict_type
-- ----------------------------
DROP TABLE IF EXISTS `dict_type`;
CREATE TABLE `dict_type` (
  `id` bigint(20) NOT NULL COMMENT 'ID',
  `name` varchar(32) NOT NULL COMMENT '名称',
  `code` varchar(32) NOT NULL COMMENT '编码',
  `create_time` datetime NOT NULL DEFAULT CURRENT_TIMESTAMP COMMENT '创建时间',
  `update_time` datetime NOT NULL DEFAULT CURRENT_TIMESTAMP ON UPDATE CURRENT_TIMESTAMP COMMENT '更新时间',
  `create_user_id` bigint(20) DEFAULT NULL COMMENT '创建人',
  `update_user_id` bigint(20) DEFAULT NULL COMMENT '更新人',
  `is_deleted` tinyint(1) DEFAULT '0' COMMENT '逻辑删除',
  PRIMARY KEY (`id`)
) ENGINE=InnoDB DEFAULT CHARSET=utf8mb4 COLLATE=utf8mb4_bin COMMENT='数据字典类型';

-- ----------------------------
-- Table structure for dict_value
-- ----------------------------
DROP TABLE IF EXISTS `dict_value`;
CREATE TABLE `dict_value` (
  `id` bigint(20) NOT NULL COMMENT 'ID',
  `dict_type_id` bigint(20) NOT NULL COMMENT '数据字典类型id',
  `name` varchar(32) NOT NULL COMMENT '字典值名称',
  `value` varchar(32) NOT NULL COMMENT '字典值',
  `create_time` datetime NOT NULL DEFAULT CURRENT_TIMESTAMP COMMENT '创建时间',
  `update_time` datetime NOT NULL DEFAULT CURRENT_TIMESTAMP ON UPDATE CURRENT_TIMESTAMP COMMENT '更新时间',
  `create_user_id` bigint(20) DEFAULT NULL COMMENT '创建人',
  `update_user_id` bigint(20) DEFAULT NULL COMMENT '更新人',
  `is_deleted` tinyint(1) DEFAULT '0' COMMENT '逻辑删除',
  PRIMARY KEY (`id`)
) ENGINE=InnoDB DEFAULT CHARSET=utf8mb4 COLLATE=utf8mb4_bin COMMENT='数据字典值';

-- ----------------------------
-- Records of user_role_rel
-- ----------------------------
BEGIN;
INSERT INTO `user_role_rel` VALUES (1355784776971190298, 1355784776958607391, 1355784776971190299, '2020-12-19 14:47:27', '2021-04-10 21:41:18', NULL, NULL, 1);
INSERT INTO `user_role_rel` VALUES (1363480266496049213, 1355806041316524084, 1355784776971190300, '2021-02-21 21:26:42', '2021-03-20 21:48:11', NULL, NULL, 1);
INSERT INTO `user_role_rel` VALUES (1373270147724218368, 1355806041316524084, 0, '2021-03-20 21:48:12', '2021-03-20 21:48:15', 1355784776958607391, NULL, 1);
INSERT INTO `user_role_rel` VALUES (1373270160760115243, 1355806041316524084, 0, '2021-03-20 21:48:15', '2021-03-20 21:48:43', 1355784776958607391, NULL, 1);
INSERT INTO `user_role_rel` VALUES (1373270281866448958, 1355806041316524084, 1355784776971190299, '2021-03-20 21:48:44', '2021-04-10 21:41:26', 1355784776958607391, NULL, 1);
INSERT INTO `user_role_rel` VALUES (1380878558083158104, 1355784776958607391, 1355784776971190299, '2021-04-10 21:41:18', '2021-04-10 21:41:18', 1355784776958607391, NULL, 0);
INSERT INTO `user_role_rel` VALUES (1380878591826333732, 1355806041316524084, 1355784776971190299, '2021-04-10 21:41:26', '2021-04-10 21:41:26', 1355784776958607391, NULL, 0);
COMMIT;

-- ----------------------------
-- Table structure for user_third_auth
-- ----------------------------
DROP TABLE IF EXISTS `user_third_auth`;
CREATE TABLE `user_third_auth` (
  `id` bigint(20) NOT NULL COMMENT 'ID',
  `user_id` bigint(20) unsigned NOT NULL COMMENT '用户id',
  `platform_type` tinyint(2) NOT NULL DEFAULT '0' COMMENT '平台类型 1 微信 2 QQ 3 微博',
  `openid` varchar(50) COLLATE utf8mb4_bin NOT NULL DEFAULT '' COMMENT '授权用户唯一标识',
  `unionid` varchar(50) COLLATE utf8mb4_bin DEFAULT '' COMMENT '授权用户在微信开放平台帐号下的统一标识',
  `access_token` varchar(255) COLLATE utf8mb4_bin NOT NULL DEFAULT '' COMMENT 'AccessToken',
  `refresh_token` varchar(255) COLLATE utf8mb4_bin NOT NULL DEFAULT '' COMMENT 'RefreshToken',
  `nickname` varchar(50) COLLATE utf8mb4_bin NOT NULL DEFAULT '' COMMENT '用户昵称',
  `gender` tinyint(1) DEFAULT '0' COMMENT '性别 0 未知 1 男 2 女',
  `language` varchar(10) COLLATE utf8mb4_bin DEFAULT NULL COMMENT '语言',
  `city` varchar(32) COLLATE utf8mb4_bin DEFAULT NULL COMMENT '城市',
  `province` varchar(32) COLLATE utf8mb4_bin DEFAULT NULL COMMENT '省份',
  `country` varchar(32) COLLATE utf8mb4_bin DEFAULT NULL COMMENT '国家',
  `headimgurl` varchar(200) COLLATE utf8mb4_bin DEFAULT NULL COMMENT '头像',
  `expire_in` int(10) unsigned NOT NULL DEFAULT '0' COMMENT '有效期',
  `login_time` datetime DEFAULT NULL COMMENT '登录时间',
  `expire_time` datetime DEFAULT NULL COMMENT '过期时间',
  `create_time` datetime NOT NULL DEFAULT CURRENT_TIMESTAMP COMMENT '创建时间',
  `update_time` datetime NOT NULL DEFAULT CURRENT_TIMESTAMP ON UPDATE CURRENT_TIMESTAMP COMMENT '更新时间',
  `create_user_id` bigint(20) DEFAULT NULL COMMENT '创建人',
  `update_user_id` bigint(20) DEFAULT NULL COMMENT '更新人',
  `is_deleted` tinyint(1) DEFAULT '0' COMMENT '逻辑删除',
  PRIMARY KEY (`id`),
  UNIQUE KEY `idx_platform_type_openid` (`platform_type`,`openid`),
  KEY `idx_user_id_platform_type` (`user_id`,`platform_type`)
) ENGINE=InnoDB DEFAULT CHARSET=utf8mb4 COLLATE=utf8mb4_bin COMMENT='用户第三方授权表';

-- ----------------------------
-- Table structure for user_third_part
-- ----------------------------
DROP TABLE IF EXISTS `user_third_part`;
CREATE TABLE `user_third_part` (
  `id` bigint(20) NOT NULL COMMENT 'ID',
  `user_id` bigint(20) NOT NULL COMMENT '用户id',
  `platform_type` tinyint(2) NOT NULL DEFAULT '0' COMMENT '平台类型 1 微信 2 QQ 3 微博',
  `openid` varchar(50) COLLATE utf8mb4_bin NOT NULL DEFAULT '' COMMENT '授权用户唯一标识',
  `union_id` varchar(50) COLLATE utf8mb4_bin DEFAULT '' COMMENT '授权用户在微信开放平台帐号下的统一标识',
  `access_token` varchar(255) COLLATE utf8mb4_bin NOT NULL DEFAULT '' COMMENT 'AccessToken',
  `refresh_token` varchar(255) COLLATE utf8mb4_bin NOT NULL DEFAULT '' COMMENT 'RefreshToken',
  `nickname` varchar(50) COLLATE utf8mb4_bin NOT NULL DEFAULT '' COMMENT '用户昵称',
  `gender` tinyint(1) DEFAULT '0' COMMENT '性别 0 未知 1 男 2 女',
  `language` varchar(10) COLLATE utf8mb4_bin DEFAULT NULL COMMENT '语言',
  `city` varchar(32) COLLATE utf8mb4_bin DEFAULT NULL COMMENT '城市',
  `province` varchar(32) COLLATE utf8mb4_bin DEFAULT NULL COMMENT '省份',
  `country` varchar(32) COLLATE utf8mb4_bin DEFAULT NULL COMMENT '国家',
  `avatar_url` varchar(200) COLLATE utf8mb4_bin DEFAULT NULL COMMENT '头像',
  `expire_in` int(10) NOT NULL DEFAULT '0' COMMENT '有效期',
  `last_login_time` datetime DEFAULT NULL COMMENT '最近登录时间',
  `expire_time` datetime DEFAULT NULL COMMENT '过期时间',
  `create_time` datetime NOT NULL DEFAULT CURRENT_TIMESTAMP COMMENT '创建时间',
  `update_time` datetime NOT NULL DEFAULT CURRENT_TIMESTAMP ON UPDATE CURRENT_TIMESTAMP COMMENT '更新时间',
  `create_user_id` bigint(20) DEFAULT NULL COMMENT '创建人',
  `update_user_id` bigint(20) DEFAULT NULL COMMENT '更新人',
  `is_deleted` tinyint(1) DEFAULT '0' COMMENT '逻辑删除',
  PRIMARY KEY (`id`),
  UNIQUE KEY `uk_platform_type_openid` (`platform_type`,`openid`),
  KEY `idx_user_id_platform_type` (`user_id`,`platform_type`)
) ENGINE=InnoDB DEFAULT CHARSET=utf8mb4 COLLATE=utf8mb4_bin COMMENT='用户第三方授权';

SET FOREIGN_KEY_CHECKS = 1;
